date,store_id,sales,transactions,customers,temperature,is_holiday,promotion
2019-01-01,STORE_001,5149.01,296,73,4.0,0,0
2019-01-02,STORE_002,5611.43,80,56,23.0,0,0
2019-01-03,STORE_002,6029.13,101,311,27.7,0,0
2019-01-04,STORE_003,5886.32,394,126,17.4,0,1
2019-01-05,STORE_003,4692.36,125,65,20.8,0,0
2019-01-06,STORE_005,4286.89,434,138,14.2,0,0
2019-01-07,STORE_002,5012.71,488,84,1.4,0,0
2019-01-08,STORE_002,5421.93,327,221,13.2,1,0
2019-01-09,STORE_003,5703.55,89,248,21.3,0,0
2019-01-10,STORE_001,6188.81,150,214,13.5,0,0
2019-01-11,STORE_001,5481.29,160,98,24.6,0,0
2019-01-12,STORE_004,4813.41,434,346,10.3,0,0
2019-01-13,STORE_003,4619.82,370,159,11.1,0,1
2019-01-14,STORE_004,4154.58,298,84,25.0,0,0
2019-01-15,STORE_003,4863.31,240,126,17.7,0,0
2019-01-16,STORE_005,5864.21,231,116,10.1,1,0
2019-01-17,STORE_002,5910.06,475,323,27.4,0,0
2019-01-18,STORE_005,5901.76,454,148,6.7,0,0
2019-01-19,STORE_003,4867.15,384,237,6.3,0,1
2019-01-20,STORE_002,4309.19,258,183,-15.0,0,0
2019-01-21,STORE_001,5353.06,71,64,8.4,0,1
2019-01-22,STORE_001,5496.95,215,108,30.7,0,0
2019-01-23,STORE_004,6236.11,148,96,-9.9,0,1
2019-01-24,STORE_003,5968.45,257,63,3.6,0,0
2019-01-25,STORE_003,5825.09,57,126,20.3,0,0
2019-01-26,STORE_001,5352.65,239,198,-11.9,0,0
2019-01-27,STORE_005,4566.25,224,198,8.9,0,0
2019-01-28,STORE_002,5203.55,322,180,28.7,0,0
2019-01-29,STORE_005,5560.72,66,100,39.5,0,0
2019-01-30,STORE_005,6303.28,139,32,18.5,0,0
2019-01-31,STORE_001,6388.95,190,343,3.9,0,0
2019-02-01,STORE_001,6716.28,194,61,3.5,0,1
2019-02-02,STORE_001,5486.09,215,316,16.7,0,1
2019-02-03,STORE_004,4763.51,386,111,18.4,0,0
2019-02-04,STORE_005,5505.34,127,72,37.3,0,0
2019-02-05,STORE_003,5540.82,478,134,26.6,0,0
2019-02-06,STORE_002,6617.98,311,30,16.0,0,0
2019-02-07,STORE_004,6144.43,212,90,11.0,0,0
2019-02-08,STORE_003,5923.3,415,299,45.0,0,0
2019-02-09,STORE_005,5708.59,63,209,22.5,0,0
2019-02-10,STORE_001,5459.95,288,253,7.0,0,0
2019-02-11,STORE_005,5465.74,121,35,12.3,0,0
2019-02-12,STORE_002,6026.24,494,132,4.5,0,0
2019-02-13,STORE_004,6616.92,192,39,-13.9,0,0
2019-02-14,STORE_004,6438.73,359,100,18.8,0,0
2019-02-15,STORE_002,6253.75,332,119,36.4,0,0
2019-02-16,STORE_003,5657.23,318,255,-4.6,0,0
2019-02-17,STORE_003,5699.35,290,187,15.7,0,0
2019-02-18,STORE_004,5659.07,464,257,6.5,0,0
2019-02-19,STORE_004,5671.52,294,155,21.3,0,0
2019-02-20,STORE_001,6941.76,212,238,12.9,0,0
2019-02-21,STORE_003,6901.8,109,126,-1.3,0,0
2019-02-22,STORE_002,6399.38,55,103,3.2,0,0
2019-02-23,STORE_003,6109.36,246,144,5.0,0,0
2019-02-24,STORE_001,5819.6,107,220,31.1,0,0
2019-02-25,STORE_004,5961.07,354,199,30.5,0,0
2019-02-26,STORE_004,6071.94,456,336,11.3,0,1
2019-02-27,STORE_001,6872.6,266,233,29.7,0,0
2019-02-28,STORE_002,7235.04,467,85,12.9,0,0
2019-03-01,STORE_004,7010.93,75,237,11.1,0,0
2019-03-02,STORE_005,5895.37,352,70,15.7,0,0
2019-03-03,STORE_004,5565.28,54,61,18.4,0,0
2019-03-04,STORE_005,5457.86,69,44,8.3,0,0
2019-03-05,STORE_001,6070.28,439,91,15.3,0,0
2019-03-06,STORE_001,7311.89,247,184,24.4,0,0
2019-03-07,STORE_004,7642.61,108,313,16.6,0,0
2019-03-08,STORE_003,6794.03,497,238,15.5,0,0
2019-03-09,STORE_005,6434.8,291,349,20.9,0,0
2019-03-10,STORE_002,5821.32,195,216,23.0,0,0
2019-03-11,STORE_004,5685.28,437,159,14.2,0,0
2019-03-12,STORE_002,,322,156,9.3,0,0
2019-03-13,STORE_004,7612.94,298,321,17.3,0,0
2019-03-14,STORE_003,7305.53,63,143,-4.1,0,0
2019-03-15,STORE_003,7362.69,62,228,12.5,0,0
2019-03-16,STORE_003,5422.58,440,42,-14.7,0,0
2019-03-17,STORE_003,6031.24,433,300,-5.1,0,0
2019-03-18,STORE_001,5973.84,93,118,-6.9,0,0
2019-03-19,STORE_001,6491.64,424,244,27.6,0,0
2019-03-20,STORE_005,7242.05,448,307,15.2,0,0
2019-03-21,STORE_002,6780.01,68,232,-0.1,0,0
2019-03-22,STORE_004,6884.4,112,103,20.9,0,0
2019-03-23,STORE_004,6369.64,288,54,26.9,0,0
2019-03-24,STORE_001,6279.01,468,130,21.1,0,0
2019-03-25,STORE_004,5840.18,386,205,12.7,0,0
2019-03-26,STORE_001,6383.68,468,146,17.8,0,0
2019-03-27,STORE_005,7105.83,452,195,25.8,0,0
2019-03-28,STORE_002,7689.67,453,70,9.4,0,0
2019-03-29,STORE_005,7084.62,149,149,15.4,0,0
2019-03-30,STORE_003,6136.19,212,126,11.9,0,0
2019-03-31,STORE_003,6019.15,465,174,-4.4,0,0
2019-04-01,STORE_003,6051.22,171,245,26.0,0,0
2019-04-02,STORE_005,6940.16,481,258,39.7,0,0
2019-04-03,STORE_004,,93,342,4.5,0,0
2019-04-04,STORE_002,7333.89,409,159,26.6,0,0
2019-04-05,STORE_003,,457,347,4.9,0,0
2019-04-06,STORE_003,5866.99,366,166,16.6,0,0
2019-04-07,STORE_003,5961.83,430,302,33.1,0,0
2019-04-08,STORE_002,6105.13,194,146,8.8,0,0
2019-04-09,STORE_003,6652.72,376,335,14.8,0,0
2019-04-10,STORE_002,7204.73,412,123,-6.6,0,0
2019-04-11,STORE_003,7003.0,99,197,7.0,0,0
2019-04-12,STORE_005,6866.16,114,232,-7.9,0,1
2019-04-13,STORE_005,6192.47,404,178,20.2,0,0
2019-04-14,STORE_002,5618.47,337,212,25.0,0,0
2019-04-15,STORE_005,5961.52,213,181,12.3,0,0
2019-04-16,STORE_002,6752.43,190,103,18.4,0,0
2019-04-17,STORE_005,7817.94,363,303,11.1,0,0
2019-04-18,STORE_005,7453.92,177,71,23.9,0,0
2019-04-19,STORE_002,7040.52,447,241,16.6,0,0
2019-04-20,STORE_004,6240.84,470,130,-8.8,0,0
2019-04-21,STORE_005,5248.41,417,74,26.3,0,0
2019-04-22,STORE_003,5963.84,288,111,10.3,0,0
2019-04-23,STORE_004,6608.19,373,46,-0.2,0,0
2019-04-24,STORE_002,7947.01,345,102,9.7,0,1
2019-04-25,STORE_004,7296.84,236,43,-7.8,0,0
2019-04-26,STORE_001,7003.79,257,186,0.0,0,1
2019-04-27,STORE_001,6199.92,269,252,16.7,0,0
2019-04-28,STORE_005,5417.7,449,161,17.7,0,0
2019-04-29,STORE_005,6256.04,239,76,18.7,0,0
2019-04-30,STORE_003,6754.25,437,136,15.0,0,0
2019-05-01,STORE_004,7381.06,478,137,6.7,0,0
2019-05-02,STORE_001,7014.64,395,294,14.3,0,0
2019-05-03,STORE_005,7264.29,333,234,9.8,0,0
2019-05-04,STORE_004,5717.14,401,108,-4.5,0,0
2019-05-05,STORE_005,5868.99,286,184,5.7,0,0
2019-05-06,STORE_005,6492.25,243,300,25.7,0,0
2019-05-07,STORE_001,6150.75,336,276,34.1,0,0
2019-05-08,STORE_001,6890.44,308,48,22.8,0,0
2019-05-09,STORE_005,7231.3,295,55,33.5,0,1
2019-05-10,STORE_002,6603.77,185,246,16.0,0,0
2019-05-11,STORE_005,5581.29,329,183,35.9,1,1
2019-05-12,STORE_005,5619.76,320,183,39.7,0,0
2019-05-13,STORE_003,5420.17,220,203,-5.8,0,0
2019-05-14,STORE_003,6491.25,208,121,17.7,0,0
2019-05-15,STORE_003,6683.33,250,210,16.0,0,0
2019-05-16,STORE_002,7562.81,94,160,9.9,0,0
2019-05-17,STORE_002,6413.88,499,327,20.9,0,0
2019-05-18,STORE_005,5841.57,313,304,15.5,0,1
2019-05-19,STORE_003,5732.64,120,302,6.2,0,0
2019-05-20,STORE_002,5256.73,413,105,14.7,0,0
2019-05-21,STORE_001,6302.31,420,206,29.5,0,0
2019-05-22,STORE_005,7234.0,152,213,17.2,0,0
2019-05-23,STORE_004,6496.13,174,348,22.5,0,0
2019-05-24,STORE_005,6582.67,362,160,11.7,0,1
2019-05-25,STORE_004,5892.5,335,78,20.4,0,1
2019-05-26,STORE_003,5597.44,279,84,0.5,0,1
2019-05-27,STORE_004,5127.21,195,183,9.0,0,1
2019-05-28,STORE_003,5708.29,419,229,13.8,0,0
2019-05-29,STORE_001,6866.89,246,337,-0.3,0,0
2019-05-30,STORE_004,6934.04,422,147,5.0,0,0
2019-05-31,STORE_005,6467.17,270,292,18.8,0,1
2019-06-01,STORE_003,5781.42,472,75,16.6,0,0
2019-06-02,STORE_005,5020.1,109,331,24.7,0,0
2019-06-03,STORE_002,5427.49,147,218,7.8,0,0
2019-06-04,STORE_003,6050.21,220,339,15.7,0,0
2019-06-05,STORE_004,6352.25,431,347,6.9,0,0
2019-06-06,STORE_003,7259.37,222,158,23.5,0,0
2019-06-07,STORE_005,6387.35,200,78,29.3,0,0
2019-06-08,STORE_001,5171.81,399,54,20.8,0,0
2019-06-09,STORE_003,5271.36,439,295,27.7,0,0
2019-06-10,STORE_004,4914.32,489,147,15.4,0,0
2019-06-11,STORE_002,6046.01,171,173,24.7,0,0
2019-06-12,STORE_001,6760.45,157,229,15.9,0,0
2019-06-13,STORE_002,6298.51,53,186,2.7,0,0
2019-06-14,STORE_003,6378.12,142,163,18.0,0,0
2019-06-15,STORE_005,5495.81,456,177,3.1,0,0
2019-06-16,STORE_005,5162.71,55,100,43.1,0,0
2019-06-17,STORE_004,5616.44,337,262,11.0,0,0
2019-06-18,STORE_005,5575.96,155,328,22.7,0,0
2019-06-19,STORE_001,6025.52,195,183,14.9,0,0
2019-06-20,STORE_005,6115.76,320,119,0.2,0,0
2019-06-21,STORE_004,5681.43,473,228,-7.8,0,0
2019-06-22,STORE_003,5185.14,427,190,24.0,0,1
2019-06-23,STORE_003,4854.01,145,55,33.6,0,0
2019-06-24,STORE_005,4965.31,278,150,6.2,0,0
2019-06-25,STORE_002,5732.02,251,330,-4.9,0,0
2019-06-26,STORE_003,6089.26,261,241,11.1,0,0
2019-06-27,STORE_005,6651.88,55,92,3.8,0,0
2019-06-28,STORE_004,5679.53,161,97,7.2,0,0
2019-06-29,STORE_005,5856.67,425,282,22.3,0,0
2019-06-30,STORE_003,4771.36,428,31,14.4,0,0
2019-07-01,STORE_004,4456.85,496,137,5.0,0,0
2019-07-02,STORE_005,4994.04,372,315,22.1,0,0
2019-07-03,STORE_001,6061.35,155,78,23.0,0,0
2019-07-04,STORE_004,5979.89,188,169,11.0,0,0
2019-07-05,STORE_001,5804.15,348,247,16.7,0,1
2019-07-06,STORE_002,5013.58,450,73,21.2,0,0
2019-07-07,STORE_004,4392.82,145,298,20.1,0,0
2019-07-08,STORE_001,4291.04,437,107,15.5,0,0
2019-07-09,STORE_003,4692.06,496,245,32.2,0,0
2019-07-10,STORE_003,5614.05,386,127,22.0,0,0
2019-07-11,STORE_002,6135.48,346,265,9.6,0,0
2019-07-12,STORE_004,5486.09,438,311,9.7,0,1
2019-07-13,STORE_004,4330.14,465,178,8.3,0,1
2019-07-14,STORE_004,4299.27,263,333,22.6,0,0
2019-07-15,STORE_002,4493.76,340,95,7.5,0,0
2019-07-16,STORE_004,4714.95,71,263,9.9,0,0
2019-07-17,STORE_003,5628.26,242,116,27.7,0,0
2019-07-18,STORE_001,5730.76,199,108,17.3,1,0
2019-07-19,STORE_003,4914.37,417,234,29.4,0,0
2019-07-20,STORE_003,4647.3,296,308,24.6,0,0
2019-07-21,STORE_001,4252.42,316,283,0.9,0,0
2019-07-22,STORE_003,4540.76,300,333,13.8,0,0
2019-07-23,STORE_002,5134.79,52,159,26.9,0,0
2019-07-24,STORE_001,5008.3,442,113,0.3,0,1
2019-07-25,STORE_003,5272.38,365,305,20.0,0,0
2019-07-26,STORE_005,5253.21,125,216,14.5,0,0
2019-07-27,STORE_003,4536.61,136,75,-6.1,0,0
2019-07-28,STORE_002,4082.32,319,212,16.4,0,0
2019-07-29,STORE_004,5216.46,274,297,5.0,0,0
2019-07-30,STORE_003,4835.92,67,325,1.0,0,0
2019-07-31,STORE_004,5609.54,162,129,15.1,0,0
2019-08-01,STORE_005,5688.5,300,107,-8.2,0,1
2019-08-02,STORE_003,5144.06,282,301,6.9,0,0
2019-08-03,STORE_001,4139.24,378,191,45.0,0,0
2019-08-04,STORE_004,4008.3,328,73,22.8,0,0
2019-08-05,STORE_005,3683.1,251,267,4.4,1,0
2019-08-06,STORE_001,4449.46,132,163,31.8,0,1
2019-08-07,STORE_001,4980.71,174,221,3.1,0,0
2019-08-08,STORE_001,5285.96,224,307,8.4,0,1
2019-08-09,STORE_001,5503.82,118,47,1.2,0,0
2019-08-10,STORE_003,3536.16,96,41,18.1,0,0
2019-08-11,STORE_003,3850.78,421,209,31.4,0,0
2019-08-12,STORE_003,3297.24,305,152,3.0,0,0
2019-08-13,STORE_005,4246.9,264,275,-9.7,0,1
2019-08-14,STORE_005,5322.88,79,251,28.1,0,0
2019-08-15,STORE_005,5152.5,330,80,33.6,0,0
2019-08-16,STORE_002,4359.91,461,100,-8.9,0,0
2019-08-17,STORE_005,3757.58,286,77,20.5,0,0
2019-08-18,STORE_003,3726.68,297,48,17.7,0,0
2019-08-19,STORE_003,3441.95,417,291,5.6,0,0
2019-08-20,STORE_002,4335.58,74,113,-1.7,0,0
2019-08-21,STORE_002,4894.21,123,184,26.9,0,0
2019-08-22,STORE_005,4824.3,255,82,17.1,0,0
2019-08-23,STORE_004,5215.24,363,136,18.1,0,0
2019-08-24,STORE_002,4053.47,143,333,7.5,0,0
2019-08-25,STORE_001,2808.71,424,164,5.4,0,0
2019-08-26,STORE_003,3612.82,176,98,-14.5,0,0
2019-08-27,STORE_001,3970.32,474,40,12.3,0,0
2019-08-28,STORE_003,5036.92,74,172,32.3,0,1
2019-08-29,STORE_003,4685.15,383,221,4.3,0,0
2019-08-30,STORE_002,4443.26,404,98,-3.3,0,0
2019-08-31,STORE_002,3922.94,165,52,20.2,0,0
2019-09-01,STORE_001,3586.7,97,210,22.4,0,0
2019-09-02,STORE_003,3110.1,275,322,8.0,0,0
2019-09-03,STORE_001,3984.43,315,38,10.8,0,0
2019-09-04,STORE_004,4557.28,148,300,18.2,0,0
2019-09-05,STORE_001,4648.16,60,122,13.1,0,0
2019-09-06,STORE_005,4931.27,134,46,27.0,0,0
2019-09-07,STORE_001,3819.62,454,183,44.2,0,0
2019-09-08,STORE_005,2878.14,263,178,-5.5,0,1
2019-09-09,STORE_005,3677.76,222,296,29.8,0,0
2019-09-10,STORE_005,4656.44,440,135,16.3,0,0
2019-09-11,STORE_004,4947.34,258,64,31.7,0,0
2019-09-12,STORE_001,4329.03,497,148,23.7,0,0
2019-09-13,STORE_001,4199.91,431,43,15.7,0,0
2019-09-14,STORE_004,4024.63,113,43,24.1,0,0
2019-09-15,STORE_003,2993.44,307,295,10.3,0,0
2019-09-16,STORE_002,3487.81,381,169,5.7,0,0
2019-09-17,STORE_001,4207.39,170,323,24.7,0,0
2019-09-18,STORE_002,4317.69,347,148,4.9,0,0
2019-09-19,STORE_004,4728.12,103,267,22.7,0,1
2019-09-20,STORE_003,3336.93,380,63,15.4,0,0
2019-09-21,STORE_003,3304.38,321,198,-13.0,0,0
2019-09-22,STORE_003,3100.12,290,39,8.1,0,0
2019-09-23,STORE_004,2953.51,292,151,19.0,0,1
2019-09-24,STORE_005,4440.95,67,174,10.1,0,0
2019-09-25,STORE_005,4146.0,236,252,-15.0,0,0
2019-09-26,STORE_002,4596.29,395,286,30.8,0,0
2019-09-27,STORE_005,4333.93,193,297,17.0,0,0
2019-09-28,STORE_005,4032.55,311,33,20.3,0,0
2019-09-29,STORE_003,2736.69,490,135,9.3,0,0
2019-09-30,STORE_003,3671.44,413,114,21.4,0,1
2019-10-01,STORE_002,3952.03,480,243,37.0,0,0
2019-10-02,STORE_001,4281.42,288,150,6.2,0,0
2019-10-03,STORE_002,4870.88,353,161,35.0,0,0
2019-10-04,STORE_002,4361.47,347,226,19.8,0,0
2019-10-05,STORE_004,3430.25,125,48,4.6,0,0
2019-10-06,STORE_004,3201.65,237,159,41.5,0,0
2019-10-07,STORE_002,3223.26,382,41,19.7,0,0
2019-10-08,STORE_002,4002.48,437,110,23.1,0,0
2019-10-09,STORE_002,4797.08,295,291,11.8,0,1
2019-10-10,STORE_005,5233.71,179,154,5.4,0,0
2019-10-11,STORE_004,3959.16,364,336,17.0,0,1
2019-10-12,STORE_002,4282.07,460,296,34.0,0,0
2019-10-13,STORE_003,2630.0,332,169,11.3,0,0
2019-10-14,STORE_003,3331.31,128,31,14.7,0,0
2019-10-15,STORE_005,4185.99,121,37,32.5,1,0
2019-10-16,STORE_005,4726.86,312,279,11.4,0,0
2019-10-17,STORE_001,4618.27,240,168,21.1,0,0
2019-10-18,STORE_001,4318.28,416,153,25.5,0,0
2019-10-19,STORE_001,3547.5,424,338,12.6,0,0
2019-10-20,STORE_005,3095.08,479,257,18.7,0,0
2019-10-21,STORE_005,3690.99,112,39,22.9,0,0
2019-10-22,STORE_005,4178.84,429,241,10.2,0,0
2019-10-23,STORE_003,4499.91,61,141,24.8,0,0
2019-10-24,STORE_005,5143.14,190,37,8.4,0,0
2019-10-25,STORE_003,4544.02,303,321,6.9,0,0
2019-10-26,STORE_001,4013.3,92,282,-3.3,0,0
2019-10-27,STORE_001,3537.72,66,43,9.0,0,0
2019-10-28,STORE_001,3267.23,112,269,5.2,0,0
2019-10-29,STORE_002,3986.37,302,271,10.2,0,0
2019-10-30,STORE_002,5017.5,425,178,22.3,0,0
2019-10-31,STORE_004,5144.72,341,265,-5.7,0,0
2019-11-01,STORE_004,4536.71,57,335,-8.7,1,0
2019-11-02,STORE_004,3898.56,374,196,6.0,0,0
2019-11-03,STORE_002,3828.8,139,49,20.5,0,0
2019-11-04,STORE_002,3437.86,257,245,18.5,0,0
2019-11-05,STORE_004,4420.66,341,164,5.8,0,0
2019-11-06,STORE_004,4837.43,333,158,29.0,0,0
2019-11-07,STORE_005,5003.73,167,323,7.1,0,0
2019-11-08,STORE_004,4982.65,398,275,20.5,0,0
2019-11-09,STORE_005,4223.61,224,218,10.6,0,0
2019-11-10,STORE_003,3804.74,125,73,4.6,0,0
2019-11-11,STORE_002,4124.68,150,115,7.7,0,0
2019-11-12,STORE_004,4383.03,463,73,23.8,0,0
2019-11-13,STORE_002,5225.34,200,174,19.3,0,0
2019-11-14,STORE_002,5101.04,449,80,26.6,0,0
2019-11-15,STORE_002,4877.76,319,271,19.3,0,0
2019-11-16,STORE_003,4066.8,120,323,-4.3,0,0
2019-11-17,STORE_001,,229,80,40.4,0,0
2019-11-18,STORE_004,4046.06,173,295,19.5,0,0
2019-11-19,STORE_001,4267.99,430,149,21.2,0,0
2019-11-20,STORE_001,5787.42,342,229,10.5,0,0
2019-11-21,STORE_001,5033.44,334,277,28.4,1,0
2019-11-22,STORE_002,4559.52,244,99,1.9,0,0
2019-11-23,STORE_005,4598.64,448,86,22.3,0,0
2019-11-24,STORE_002,4077.8,277,68,-10.0,0,0
2019-11-25,STORE_002,4204.21,480,318,23.1,0,0
2019-11-26,STORE_001,4853.4,479,47,2.0,0,0
2019-11-27,STORE_002,5309.41,485,249,18.3,0,0
2019-11-28,STORE_001,5221.35,324,342,31.3,0,0
2019-11-29,STORE_005,5103.65,155,273,24.9,0,0
2019-11-30,STORE_004,4207.01,70,333,29.7,0,0
2019-12-01,STORE_001,4293.55,113,327,28.5,0,0
2019-12-02,STORE_005,4135.3,214,312,8.7,0,0
2019-12-03,STORE_004,4581.37,76,103,22.2,0,0
2019-12-04,STORE_003,5382.42,360,139,-5.7,0,0
2019-12-05,STORE_001,5781.76,334,209,6.8,0,0
2019-12-06,STORE_001,5080.69,197,61,31.7,0,0
2019-12-07,STORE_003,4333.88,330,263,10.4,0,0
2019-12-08,STORE_003,4245.96,375,311,-7.4,0,0
2019-12-09,STORE_001,4426.15,368,54,39.2,0,0
2019-12-10,STORE_003,4851.54,213,308,21.7,0,0
2019-12-11,STORE_002,5513.44,435,255,24.2,0,0
2019-12-12,STORE_004,5904.66,455,86,3.2,0,0
2019-12-13,STORE_004,4993.76,273,209,18.4,0,0
2019-12-14,STORE_004,4337.85,321,261,18.1,0,0
2019-12-15,STORE_002,4137.97,195,316,5.1,0,0
2019-12-16,STORE_003,4470.33,487,93,13.0,0,1
2019-12-17,STORE_005,5279.61,405,261,-3.0,0,0
2019-12-18,STORE_003,6281.03,79,318,10.8,0,1
2019-12-19,STORE_001,6276.92,94,242,26.7,0,0
2019-12-20,STORE_004,5565.64,324,287,6.0,0,0
2019-12-21,STORE_003,4940.62,83,47,37.9,0,0
2019-12-22,STORE_005,4239.74,190,204,-2.2,0,0
2019-12-23,STORE_001,4716.51,476,258,11.9,0,0
2019-12-24,STORE_002,5288.09,367,255,7.1,0,0
2019-12-25,STORE_002,6124.18,423,113,12.8,0,0
2019-12-26,STORE_005,5960.95,270,320,31.5,0,0
2019-12-27,STORE_001,5959.41,405,275,3.2,0,0
2019-12-28,STORE_004,5596.57,71,139,9.6,0,0
2019-12-29,STORE_003,4698.68,229,283,22.9,0,0
2019-12-30,STORE_001,5033.72,485,117,16.1,0,0
2019-12-31,STORE_002,5773.15,416,101,17.1,0,0
2020-01-01,STORE_005,,469,59,3.4,0,0
2020-01-02,STORE_005,6468.17,378,201,14.1,0,0
2020-01-03,STORE_003,5999.32,280,338,28.6,0,0
2020-01-04,STORE_005,5358.06,452,206,-4.3,0,0
2020-01-05,STORE_005,4691.43,87,168,6.6,0,0
2020-01-06,STORE_001,5112.54,119,223,-6.8,0,0
2020-01-07,STORE_004,5907.39,165,215,21.4,0,0
2020-01-08,STORE_003,6846.1,288,247,29.7,0,1
2020-01-09,STORE_001,6880.26,384,193,12.8,0,1
2020-01-10,STORE_004,,490,190,2.9,0,0
2020-01-11,STORE_001,5289.53,197,42,3.3,0,0
2020-01-12,STORE_001,5375.65,58,325,11.4,0,0
2020-01-13,STORE_005,5350.4,337,118,11.4,0,0
2020-01-14,STORE_004,6604.68,437,71,25.9,0,0
2020-01-15,STORE_003,6357.49,99,239,7.0,0,0
2020-01-16,STORE_003,6529.22,387,258,20.2,0,0
2020-01-17,STORE_004,6195.04,54,304,11.3,0,0
2020-01-18,STORE_005,5069.92,453,308,6.1,0,0
2020-01-19,STORE_002,5142.85,392,280,11.0,0,0
2020-01-20,STORE_001,5253.5,175,339,19.0,0,0
2020-01-21,STORE_005,6177.87,124,237,26.0,0,0
2020-01-22,STORE_004,6886.64,214,169,12.0,0,0
2020-01-23,STORE_001,7527.18,327,309,0.6,0,0
2020-01-24,STORE_003,6842.2,491,63,27.0,0,0
2020-01-25,STORE_002,5715.2,373,338,4.2,0,0
2020-01-26,STORE_003,5211.15,349,47,18.1,0,0
2020-01-27,STORE_004,5807.78,339,86,14.7,0,1
2020-01-28,STORE_001,5914.46,126,141,13.1,0,0
2020-01-29,STORE_004,7510.09,347,34,9.2,0,0
2020-01-30,STORE_001,7493.43,186,211,22.4,0,0
2020-01-31,STORE_005,,155,42,-15.0,0,0
2020-02-01,STORE_002,5546.88,144,314,28.6,0,1
2020-02-02,STORE_005,6057.96,184,288,4.0,0,0
2020-02-03,STORE_005,5795.49,117,119,19.9,0,0
2020-02-04,STORE_004,6850.0,196,133,19.3,0,0
2020-02-05,STORE_002,6648.89,208,215,30.3,0,0
2020-02-06,STORE_001,7124.73,433,279,17.4,0,0
2020-02-07,STORE_001,6895.87,212,284,5.1,0,0
2020-02-08,STORE_003,6236.51,490,105,-4.3,0,0
2020-02-09,STORE_001,5676.62,390,137,10.8,0,1
2020-02-10,STORE_004,6174.75,238,185,-8.5,0,0
2020-02-11,STORE_005,6314.58,464,111,7.5,0,0
2020-02-12,STORE_005,7238.84,388,106,11.5,0,0
2020-02-13,STORE_005,7493.05,144,287,6.7,0,0
2020-02-14,STORE_002,7199.08,230,156,15.5,0,0
2020-02-15,STORE_001,6584.35,337,311,12.2,0,0
2020-02-16,STORE_004,5620.65,371,117,11.1,0,0
2020-02-17,STORE_002,5671.99,236,233,-14.1,0,0
2020-02-18,STORE_003,7160.37,421,45,-0.5,0,0
2020-02-19,STORE_004,7521.29,187,180,22.7,0,0
2020-02-20,STORE_004,7370.25,179,283,24.7,0,0
2020-02-21,STORE_004,7645.7,243,217,-7.1,0,0
2020-02-22,STORE_005,6538.9,365,61,5.2,0,1
2020-02-23,STORE_004,6442.85,322,300,27.9,0,0
2020-02-24,STORE_001,6281.15,401,34,6.4,0,0
2020-02-25,STORE_004,7521.59,193,337,13.7,0,0
2020-02-26,STORE_005,8072.08,65,198,32.3,0,0
2020-02-27,STORE_004,7641.55,351,210,10.7,0,0
2020-02-28,STORE_003,7590.78,472,207,8.9,1,0
2020-02-29,STORE_003,6814.25,294,172,13.1,0,0
2020-03-01,STORE_005,6613.56,464,277,37.2,0,0
2020-03-02,STORE_001,6082.75,156,156,20.4,0,0
2020-03-03,STORE_001,,137,292,15.2,0,0
2020-03-04,STORE_002,7969.1,178,69,8.7,0,0
2020-03-05,STORE_005,7292.05,444,284,21.5,0,1
2020-03-06,STORE_004,7045.09,424,172,22.9,0,0
2020-03-07,STORE_005,6106.91,390,269,2.1,0,0
2020-03-08,STORE_002,6217.45,53,257,23.2,0,0
2020-03-09,STORE_005,6680.04,376,227,13.2,0,0
2020-03-10,STORE_005,7552.56,459,94,15.3,0,1
2020-03-11,STORE_002,7760.75,416,40,4.4,0,0
2020-03-12,STORE_001,8392.37,355,137,10.2,0,0
2020-03-13,STORE_004,7067.3,445,55,2.6,0,0
2020-03-14,STORE_002,,144,180,2.1,0,0
2020-03-15,STORE_003,2860.7,258,250,19.5,0,0
2020-03-16,STORE_001,2993.66,274,266,10.7,0,0
2020-03-17,STORE_003,3222.76,397,266,-0.6,0,0
2020-03-18,STORE_001,3233.24,370,248,41.1,0,0
2020-03-19,STORE_004,3573.35,96,180,1.5,0,1
2020-03-20,STORE_004,3217.83,230,152,28.1,0,0
2020-03-21,STORE_005,3175.08,155,173,-2.7,0,0
2020-03-22,STORE_003,2942.32,248,218,20.5,0,0
2020-03-23,STORE_001,2838.2,435,284,12.0,0,0
2020-03-24,STORE_004,3179.72,155,97,7.5,0,1
2020-03-25,STORE_002,3389.9,329,133,17.4,0,0
2020-03-26,STORE_004,3596.09,309,188,15.7,0,0
2020-03-27,STORE_002,3540.67,157,338,5.3,0,0
2020-03-28,STORE_001,2968.01,68,329,4.7,0,0
2020-03-29,STORE_004,2975.9,459,119,-3.9,0,0
2020-03-30,STORE_004,2907.14,345,285,18.7,0,0
2020-03-31,STORE_001,3154.29,355,249,-0.0,0,0
2020-04-01,STORE_004,3529.29,220,38,15.0,0,0
2020-04-02,STORE_002,3474.25,380,41,22.1,0,0
2020-04-03,STORE_004,3345.04,244,273,17.5,0,0
2020-04-04,STORE_003,2946.03,61,211,6.3,0,0
2020-04-05,STORE_005,3178.36,244,313,25.9,0,0
2020-04-06,STORE_002,2987.35,332,341,10.1,0,0
2020-04-07,STORE_003,3169.34,418,128,-1.0,0,0
2020-04-08,STORE_001,3573.71,231,226,11.6,0,0
2020-04-09,STORE_002,3598.53,499,255,22.0,0,0
2020-04-10,STORE_005,3388.24,354,132,6.9,0,0
2020-04-11,STORE_005,3187.55,193,135,25.5,0,0
2020-04-12,STORE_001,3010.89,435,87,5.8,0,0
2020-04-13,STORE_001,2905.09,365,107,7.4,0,0
2020-04-14,STORE_002,3178.81,231,104,2.4,0,0
2020-04-15,STORE_004,3499.04,79,71,23.2,0,0
2020-04-16,STORE_001,3292.91,133,210,14.4,0,0
2020-04-17,STORE_004,3202.14,215,62,3.2,0,0
2020-04-18,STORE_003,3276.41,333,100,10.2,0,0
2020-04-19,STORE_005,3116.59,330,85,-15.0,0,0
2020-04-20,STORE_004,2927.62,145,134,24.3,0,0
2020-04-21,STORE_005,3317.56,430,229,13.0,0,0
2020-04-22,STORE_004,3560.04,315,130,-13.9,0,0
2020-04-23,STORE_003,3999.83,493,285,-2.5,0,0
2020-04-24,STORE_001,3537.01,347,336,9.9,0,0
2020-04-25,STORE_003,3052.48,345,103,-0.8,0,0
2020-04-26,STORE_001,2742.07,274,200,24.5,0,0
2020-04-27,STORE_001,2719.62,382,172,20.0,0,0
2020-04-28,STORE_005,3241.14,410,195,19.3,0,0
2020-04-29,STORE_003,3388.58,423,290,-15.0,0,0
2020-04-30,STORE_004,3363.57,91,250,8.7,0,0
2020-05-01,STORE_003,3268.7,352,112,6.6,0,0
2020-05-02,STORE_005,2892.61,470,211,3.6,0,0
2020-05-03,STORE_001,3066.45,295,336,10.0,0,0
2020-05-04,STORE_005,3021.9,257,39,1.5,0,0
2020-05-05,STORE_002,3177.77,286,33,17.6,0,0
2020-05-06,STORE_002,3654.44,71,321,24.2,0,0
2020-05-07,STORE_004,3528.78,234,310,23.2,0,0
2020-05-08,STORE_005,3201.29,291,244,13.3,0,0
2020-05-09,STORE_004,3204.64,412,127,39.0,0,0
2020-05-10,STORE_004,2870.68,332,130,28.7,0,0
2020-05-11,STORE_002,2720.95,90,38,13.8,0,0
2020-05-12,STORE_004,3110.11,385,90,9.2,0,0
2020-05-13,STORE_002,3292.28,211,338,31.1,0,0
2020-05-14,STORE_001,3286.4,209,175,27.1,0,0
2020-05-15,STORE_005,3396.26,138,92,-1.9,0,0
2020-05-16,STORE_004,3209.37,371,150,28.0,0,0
2020-05-17,STORE_002,2560.65,61,255,13.1,0,0
2020-05-18,STORE_003,2887.46,473,134,4.7,0,0
2020-05-19,STORE_004,2997.44,122,289,-8.8,0,0
2020-05-20,STORE_001,3293.18,125,284,11.8,0,1
2020-05-21,STORE_001,3340.57,395,236,14.9,0,0
2020-05-22,STORE_003,3101.07,250,57,34.0,0,0
2020-05-23,STORE_002,2903.68,59,199,26.5,0,0
2020-05-24,STORE_004,2581.87,401,105,8.0,0,0
2020-05-25,STORE_002,2791.64,275,145,19.7,0,0
2020-05-26,STORE_001,3021.25,225,98,24.9,0,0
2020-05-27,STORE_002,3268.57,325,263,16.0,1,0
2020-05-28,STORE_001,3239.03,88,30,8.0,0,0
2020-05-29,STORE_002,3080.01,109,196,8.6,0,0
2020-05-30,STORE_003,,115,247,19.6,0,0
2020-05-31,STORE_005,2700.2,370,302,20.0,0,1
2020-06-01,STORE_003,2560.9,484,280,11.5,0,0
2020-06-02,STORE_003,2978.42,173,203,-15.0,0,1
2020-06-03,STORE_005,3338.48,213,199,-0.5,0,0
2020-06-04,STORE_005,3071.67,457,275,22.4,0,0
2020-06-05,STORE_004,3166.01,460,119,-10.6,0,0
2020-06-06,STORE_004,2681.11,435,78,29.2,0,0
2020-06-07,STORE_003,2643.04,208,323,27.4,0,0
2020-06-08,STORE_003,2522.62,106,179,15.5,0,0
2020-06-09,STORE_001,2653.51,127,161,22.2,0,0
2020-06-10,STORE_001,2948.89,243,88,21.3,0,0
2020-06-11,STORE_004,3234.52,334,228,13.6,0,0
2020-06-12,STORE_004,3058.15,64,244,-1.5,0,0
2020-06-13,STORE_001,2578.37,61,78,26.6,0,0
2020-06-14,STORE_001,2581.59,150,261,31.9,0,0
2020-06-15,STORE_002,2330.24,205,276,0.5,0,0
2020-06-16,STORE_002,2816.67,389,268,-1.9,0,0
2020-06-17,STORE_001,2933.09,174,197,13.4,0,0
2020-06-18,STORE_002,3067.58,408,77,7.5,0,0
2020-06-19,STORE_005,2956.63,329,80,16.7,0,0
2020-06-20,STORE_004,2511.07,454,328,29.5,0,0
2020-06-21,STORE_004,2369.89,443,127,-11.9,0,0
2020-06-22,STORE_001,2616.48,159,245,34.0,0,0
2020-06-23,STORE_003,2673.49,383,206,10.1,0,0
2020-06-24,STORE_001,3134.89,406,109,21.1,0,1
2020-06-25,STORE_002,2928.3,195,214,22.4,0,0
2020-06-26,STORE_003,2946.76,265,56,23.8,0,0
2020-06-27,STORE_002,2746.63,447,224,15.7,0,0
2020-06-28,STORE_005,2012.73,211,243,18.5,0,0
2020-06-29,STORE_002,2297.48,177,143,18.5,0,1
2020-06-30,STORE_005,2753.56,363,271,7.4,0,0
2020-07-01,STORE_005,6486.31,381,153,-6.1,0,0
2020-07-02,STORE_002,6788.88,199,334,0.4,0,0
2020-07-03,STORE_002,6039.35,85,105,13.7,0,0
2020-07-04,STORE_005,5528.16,222,340,5.6,0,0
2020-07-05,STORE_003,4998.51,469,341,5.6,0,0
2020-07-06,STORE_005,5525.92,71,225,36.6,0,0
2020-07-07,STORE_004,5853.29,255,73,25.3,0,0
2020-07-08,STORE_005,6479.68,176,215,12.0,0,0
2020-07-09,STORE_003,6385.32,385,275,23.1,0,0
2020-07-10,STORE_004,5905.83,494,113,10.0,0,0
2020-07-11,STORE_001,5204.25,405,236,16.3,0,0
2020-07-12,STORE_001,4995.71,489,180,20.3,0,0
2020-07-13,STORE_003,4881.83,266,185,10.0,0,0
2020-07-14,STORE_005,5696.87,145,45,6.8,0,0
2020-07-15,STORE_002,6834.47,466,194,29.7,0,0
2020-07-16,STORE_003,6604.21,478,174,22.4,0,0
2020-07-17,STORE_004,5788.89,213,66,-12.1,0,0
2020-07-18,STORE_004,5529.61,197,74,7.0,0,0
2020-07-19,STORE_001,4590.88,67,235,5.6,0,1
2020-07-20,STORE_004,4233.36,343,91,7.5,0,0
2020-07-21,STORE_003,5144.99,244,337,25.3,0,0
2020-07-22,STORE_004,5488.94,200,48,15.2,0,0
2020-07-23,STORE_003,6076.65,414,329,-1.7,0,0
2020-07-24,STORE_002,5732.4,172,36,10.4,0,0
2020-07-25,STORE_001,5513.36,449,278,21.5,0,0
2020-07-26,STORE_004,4653.61,236,146,12.4,0,0
2020-07-27,STORE_003,4622.4,198,97,7.3,0,0
2020-07-28,STORE_005,5540.73,153,63,19.0,0,1
2020-07-29,STORE_001,5232.53,292,223,34.4,0,0
2020-07-30,STORE_002,6099.73,280,84,20.5,0,0
2020-07-31,STORE_003,5806.38,255,295,30.6,0,0
2020-08-01,STORE_002,4416.45,247,71,8.1,0,0
2020-08-02,STORE_002,4749.65,445,326,14.9,0,0
2020-08-03,STORE_004,4642.12,449,260,14.7,0,0
2020-08-04,STORE_004,5021.25,386,39,16.4,0,1
2020-08-05,STORE_003,5941.17,136,157,20.3,0,0
2020-08-06,STORE_005,6567.31,191,208,4.0,0,0
2020-08-07,STORE_003,5488.36,366,222,22.8,0,1
2020-08-08,STORE_005,,248,121,-4.5,0,0
2020-08-09,STORE_002,4130.8,95,260,-1.0,0,1
2020-08-10,STORE_001,4149.46,337,107,40.6,0,0
2020-08-11,STORE_003,5260.58,64,114,8.9,0,1
2020-08-12,STORE_003,5362.01,93,59,23.8,0,0
2020-08-13,STORE_005,5776.96,450,242,35.4,0,0
2020-08-14,STORE_002,5161.83,218,78,-12.8,0,1
2020-08-15,STORE_002,4737.38,359,294,28.5,0,0
2020-08-16,STORE_005,4244.03,93,174,22.8,0,0
2020-08-17,STORE_002,4593.06,147,98,34.7,0,0
2020-08-18,STORE_004,4737.96,310,87,0.8,0,0
2020-08-19,STORE_001,5419.49,158,214,32.4,0,0
2020-08-20,STORE_003,5345.66,332,91,6.1,0,0
2020-08-21,STORE_001,5057.85,421,337,27.7,0,0
2020-08-22,STORE_003,4595.14,392,325,14.6,0,0
2020-08-23,STORE_004,4261.57,153,195,24.2,0,0
2020-08-24,STORE_002,3898.01,305,200,15.6,0,0
2020-08-25,STORE_005,5047.07,428,92,-7.1,0,0
2020-08-26,STORE_004,5804.77,255,176,-15.0,0,0
2020-08-27,STORE_001,5663.36,384,335,17.5,0,1
2020-08-28,STORE_005,5656.68,92,190,11.8,0,0
2020-08-29,STORE_002,4154.8,402,170,19.8,0,0
2020-08-30,STORE_004,3568.59,294,126,12.0,0,1
2020-08-31,STORE_005,3551.12,336,250,39.2,0,0
2020-09-01,STORE_004,5147.66,404,72,17.8,0,0
2020-09-02,STORE_004,5509.65,322,321,9.6,0,0
2020-09-03,STORE_002,5440.56,132,137,19.0,0,1
2020-09-04,STORE_003,5098.21,159,295,9.9,0,0
2020-09-05,STORE_005,3972.57,487,124,16.1,0,0
2020-09-06,STORE_002,4601.71,239,291,0.4,0,0
2020-09-07,STORE_004,4052.24,337,342,14.9,0,0
2020-09-08,STORE_002,4663.18,473,100,9.3,0,0
2020-09-09,STORE_003,5465.38,446,248,1.5,0,0
2020-09-10,STORE_005,5538.67,300,50,38.7,0,0
2020-09-11,STORE_003,5021.35,261,121,2.0,0,0
2020-09-12,STORE_001,4015.9,340,156,15.1,0,0
2020-09-13,STORE_005,3955.14,182,109,5.4,0,0
2020-09-14,STORE_003,4526.7,250,341,18.6,0,0
2020-09-15,STORE_004,4985.52,334,267,-0.3,0,1
2020-09-16,STORE_005,5680.08,375,211,25.1,0,0
2020-09-17,STORE_005,5198.43,458,54,39.4,0,0
2020-09-18,STORE_002,4617.7,144,185,4.9,0,1
2020-09-19,STORE_004,4178.69,327,34,29.6,0,0
2020-09-20,STORE_001,3796.8,499,149,10.4,0,0
2020-09-21,STORE_003,4259.74,478,306,33.1,0,0
2020-09-22,STORE_002,4046.57,374,47,41.3,0,0
2020-09-23,STORE_003,5636.44,268,227,12.2,0,0
2020-09-24,STORE_001,5282.9,138,86,-3.2,0,0
2020-09-25,STORE_001,4768.08,121,122,26.4,0,0
2020-09-26,STORE_005,3897.42,296,48,17.7,0,0
2020-09-27,STORE_001,3271.33,178,222,21.0,0,0
2020-09-28,STORE_003,4169.22,261,266,10.9,0,0
2020-09-29,STORE_004,4570.18,477,306,4.4,0,0
2020-09-30,STORE_004,4787.56,392,256,28.9,0,0
2020-10-01,STORE_005,4941.84,145,262,18.8,0,0
2020-10-02,STORE_003,4798.57,124,69,-2.3,0,1
2020-10-03,STORE_003,4708.03,472,182,23.2,0,0
2020-10-04,STORE_001,3699.28,103,156,20.8,0,0
2020-10-05,STORE_003,3483.8,393,266,11.1,0,0
2020-10-06,STORE_002,4490.04,462,84,34.4,0,0
2020-10-07,STORE_001,5111.41,103,201,7.6,0,0
2020-10-08,STORE_002,4543.08,267,138,13.0,0,0
2020-10-09,STORE_005,4907.91,65,213,24.2,0,0
2020-10-10,STORE_004,4166.02,148,227,15.9,0,0
2020-10-11,STORE_005,4017.09,69,116,-1.6,0,1
2020-10-12,STORE_004,4523.59,95,230,17.2,0,0
2020-10-13,STORE_005,4938.97,242,304,10.0,0,0
2020-10-14,STORE_003,5152.87,432,240,25.3,0,0
2020-10-15,STORE_002,5063.55,107,147,16.8,0,0
2020-10-16,STORE_004,5742.62,486,220,16.1,0,0
2020-10-17,STORE_001,4302.52,160,71,2.4,0,1
2020-10-18,STORE_002,3864.89,178,71,12.2,0,0
2020-10-19,STORE_001,4017.17,386,344,26.6,0,0
2020-10-20,STORE_002,4718.93,243,305,5.7,0,0
2020-10-21,STORE_002,5251.72,462,46,14.6,0,1
2020-10-22,STORE_005,5287.89,389,312,3.8,0,0
2020-10-23,STORE_004,4873.99,375,287,0.8,0,0
2020-10-24,STORE_004,4345.31,57,92,14.0,0,0
2020-10-25,STORE_002,,78,91,17.1,0,0
2020-10-26,STORE_003,3886.77,161,129,38.9,0,0
2020-10-27,STORE_003,4770.54,484,48,9.5,0,0
2020-10-28,STORE_001,5300.51,210,46,14.4,0,0
2020-10-29,STORE_001,5996.01,180,275,-0.0,0,0
2020-10-30,STORE_005,4330.4,237,280,22.3,0,1
2020-10-31,STORE_002,4773.04,212,110,19.8,0,0
2020-11-01,STORE_001,4401.08,246,68,32.9,0,0
2020-11-02,STORE_001,3574.6,413,65,28.3,0,0
2020-11-03,STORE_002,4734.53,253,226,19.2,0,0
2020-11-04,STORE_005,5367.0,261,187,9.4,0,0
2020-11-05,STORE_001,5226.67,158,233,17.5,0,0
2020-11-06,STORE_005,4999.11,325,225,13.7,0,0
2020-11-07,STORE_004,4221.8,122,245,26.4,0,0
2020-11-08,STORE_005,4664.91,216,314,24.9,0,0
2020-11-09,STORE_003,4591.86,309,225,11.4,0,0
2020-11-10,STORE_003,5335.88,292,336,-2.5,0,0
2020-11-11,STORE_005,5814.52,324,181,31.0,0,0
2020-11-12,STORE_003,5432.25,151,43,22.0,0,0
2020-11-13,STORE_004,5199.59,222,175,11.2,0,0
2020-11-14,STORE_002,4828.68,220,86,21.5,0,0
2020-11-15,STORE_003,3901.86,190,240,15.9,0,0
2020-11-16,STORE_003,4656.66,446,297,30.8,0,1
2020-11-17,STORE_005,5016.22,237,239,-8.2,0,0
2020-11-18,STORE_004,5621.74,490,46,10.2,0,0
2020-11-19,STORE_002,6122.65,135,315,34.2,0,0
2020-11-20,STORE_005,5630.81,101,232,21.8,0,0
2020-11-21,STORE_005,4716.32,160,128,36.3,0,0
2020-11-22,STORE_004,4761.15,486,308,0.3,0,0
2020-11-23,STORE_002,4265.36,414,238,27.9,0,0
2020-11-24,STORE_004,5422.05,391,158,27.1,0,0
2020-11-25,STORE_002,6063.06,92,317,-5.2,0,0
2020-11-26,STORE_004,5969.4,260,281,11.5,0,0
2020-11-27,STORE_005,5750.18,249,294,13.7,0,0
2020-11-28,STORE_005,4605.95,347,300,-4.4,0,0
2020-11-29,STORE_001,4849.05,395,217,11.7,0,0
2020-11-30,STORE_003,4694.49,289,243,25.5,0,0
2020-12-01,STORE_004,5242.47,164,312,10.3,0,0
2020-12-02,STORE_001,6363.54,75,240,17.9,0,0
2020-12-03,STORE_003,6016.32,456,105,18.0,0,0
2020-12-04,STORE_004,5396.76,348,177,14.9,0,0
2020-12-05,STORE_002,4682.81,126,242,6.5,0,0
2020-12-06,STORE_003,4923.67,461,138,22.9,0,0
2020-12-07,STORE_005,4537.32,186,158,-4.0,0,0
2020-12-08,STORE_001,6098.63,69,39,15.1,0,0
2020-12-09,STORE_003,5598.53,489,76,31.6,0,1
2020-12-10,STORE_003,6912.14,260,344,9.6,0,0
2020-12-11,STORE_005,6059.46,289,125,6.3,0,1
2020-12-12,STORE_004,5298.86,88,132,23.7,0,0
2020-12-13,STORE_002,4757.64,484,175,17.0,0,0
2020-12-14,STORE_005,5221.56,317,56,23.9,0,0
2020-12-15,STORE_002,5742.34,256,249,15.5,0,0
2020-12-16,STORE_004,6736.56,488,47,-13.7,0,0
2020-12-17,STORE_003,6620.91,316,196,29.2,0,0
2020-12-18,STORE_002,6225.6,203,111,39.8,0,0
2020-12-19,STORE_001,5404.02,91,101,30.4,0,0
2020-12-20,STORE_001,5090.08,460,339,-15.0,0,0
2020-12-21,STORE_005,5380.97,60,283,20.4,0,0
2020-12-22,STORE_004,5428.11,343,191,9.4,0,0
2020-12-23,STORE_005,6189.31,147,67,2.0,0,0
2020-12-24,STORE_005,6998.42,476,230,16.5,0,0
2020-12-25,STORE_005,6421.13,324,229,13.2,0,0
2020-12-26,STORE_001,5647.77,497,284,21.1,0,1
2020-12-27,STORE_001,5303.01,439,208,15.7,0,0
2020-12-28,STORE_005,5583.62,479,64,1.6,0,0
2020-12-29,STORE_001,,421,111,8.1,0,0
2020-12-30,STORE_004,6551.63,279,249,6.1,0,0
2020-12-31,STORE_005,7025.79,418,187,-5.6,0,0
2021-01-01,STORE_001,6268.14,475,33,-1.5,0,0
2021-01-02,STORE_002,6017.36,269,196,12.5,0,0
2021-01-03,STORE_005,4978.7,114,233,32.1,0,0
2021-01-04,STORE_005,5980.12,404,223,8.6,0,0
2021-01-05,STORE_004,6466.0,281,264,5.9,0,0
2021-01-06,STORE_003,7053.85,377,235,0.8,0,0
2021-01-07,STORE_003,7453.63,492,179,15.4,0,0
2021-01-08,STORE_004,7252.89,101,188,29.2,0,0
2021-01-09,STORE_004,6390.55,423,308,39.0,0,0
2021-01-10,STORE_004,5128.28,480,333,18.4,1,0
2021-01-11,STORE_003,5478.21,425,195,16.7,0,1
2021-01-12,STORE_004,6327.09,312,340,8.5,0,0
2021-01-13,STORE_001,7174.73,316,97,10.5,0,1
2021-01-14,STORE_005,7503.48,408,117,22.6,0,0
2021-01-15,STORE_005,6724.33,366,246,11.2,0,0
2021-01-16,STORE_002,6330.46,373,30,13.1,0,1
2021-01-17,STORE_002,5641.45,458,164,14.7,0,0
2021-01-18,STORE_005,5865.44,445,214,7.9,0,0
2021-01-19,STORE_001,6278.58,203,169,14.1,0,0
2021-01-20,STORE_003,7075.16,407,135,-9.2,0,1
2021-01-21,STORE_003,7127.04,415,162,21.6,0,0
2021-01-22,STORE_001,6832.73,189,137,43.2,0,0
2021-01-23,STORE_003,6772.99,476,207,8.4,0,0
2021-01-24,STORE_004,5764.69,100,327,19.5,0,1
2021-01-25,STORE_005,7018.98,166,175,25.2,0,0
2021-01-26,STORE_005,7027.83,470,103,30.4,0,0
2021-01-27,STORE_001,7585.66,95,137,11.8,0,0
2021-01-28,STORE_003,7451.89,358,151,-6.6,0,0
2021-01-29,STORE_002,7511.17,137,46,18.2,0,0
2021-01-30,STORE_002,6458.47,257,225,16.5,0,0
2021-01-31,STORE_003,6259.02,426,347,10.9,0,0
2021-02-01,STORE_002,7168.78,318,326,13.4,0,0
2021-02-02,STORE_001,7021.04,138,281,16.7,0,0
2021-02-03,STORE_001,8043.5,430,148,19.3,0,0
2021-02-04,STORE_003,7665.4,167,191,18.8,0,0
2021-02-05,STORE_002,7455.93,103,227,12.4,0,0
2021-02-06,STORE_001,7326.11,490,74,19.6,0,0
2021-02-07,STORE_001,6196.34,165,343,11.6,0,1
2021-02-08,STORE_004,7104.77,167,208,22.7,0,0
2021-02-09,STORE_004,7420.68,309,73,7.5,0,0
2021-02-10,STORE_001,7686.66,124,300,15.9,0,0
2021-02-11,STORE_003,8220.89,354,107,-4.5,0,0
2021-02-12,STORE_005,7911.1,56,207,10.6,0,1
2021-02-13,STORE_005,7132.36,415,32,21.8,0,1
2021-02-14,STORE_001,6062.32,171,243,2.6,0,0
2021-02-15,STORE_001,6489.82,60,103,11.2,0,0
2021-02-16,STORE_001,7278.95,397,80,-13.9,0,0
2021-02-17,STORE_003,7975.8,487,96,-1.4,0,0
2021-02-18,STORE_004,8357.95,264,122,1.7,0,0
2021-02-19,STORE_001,7811.03,478,205,16.2,0,0
2021-02-20,STORE_001,6681.38,328,174,19.0,0,0
2021-02-21,STORE_002,6781.35,77,36,14.3,0,0
2021-02-22,STORE_003,7022.73,284,298,10.4,0,0
2021-02-23,STORE_001,7650.41,416,33,10.5,0,0
2021-02-24,STORE_002,8449.26,362,167,23.6,0,0
2021-02-25,STORE_005,8546.41,75,260,17.6,1,0
2021-02-26,STORE_001,8017.53,458,117,11.0,0,0
2021-02-27,STORE_001,7180.52,103,46,30.5,0,0
2021-02-28,STORE_002,6286.08,78,81,38.4,0,0
2021-03-01,STORE_003,7082.99,402,163,0.1,0,0
2021-03-02,STORE_001,7656.75,213,240,21.3,0,0
2021-03-03,STORE_005,8315.88,319,248,45.0,0,1
2021-03-04,STORE_001,8019.97,383,234,18.4,0,0
2021-03-05,STORE_005,7659.57,84,240,16.4,0,0
2021-03-06,STORE_004,7618.94,335,306,14.3,0,0
2021-03-07,STORE_004,6871.22,397,53,20.9,0,1
2021-03-08,STORE_005,7254.54,322,33,24.1,0,0
2021-03-09,STORE_003,7696.18,257,181,0.1,0,0
2021-03-10,STORE_001,8333.79,287,288,14.7,0,0
2021-03-11,STORE_001,8772.13,463,197,-12.2,0,0
2021-03-12,STORE_004,7913.89,142,205,12.5,0,0
2021-03-13,STORE_005,7413.81,222,339,4.2,0,0
2021-03-14,STORE_001,6823.51,128,320,19.1,0,0
2021-03-15,STORE_001,6995.96,159,85,-4.9,0,0
2021-03-16,STORE_003,7668.24,266,137,8.9,0,0
2021-03-17,STORE_002,8461.88,484,325,26.6,0,0
2021-03-18,STORE_004,8414.46,407,331,6.9,0,0
2021-03-19,STORE_004,8509.91,155,170,-7.9,0,0
2021-03-20,STORE_002,7178.09,96,184,18.1,0,0
2021-03-21,STORE_001,6964.64,230,291,8.0,0,0
2021-03-22,STORE_003,7049.89,113,302,12.8,0,0
2021-03-23,STORE_003,8247.57,295,261,6.2,0,0
2021-03-24,STORE_004,8503.67,293,270,38.7,0,0
2021-03-25,STORE_003,8914.05,471,287,-3.7,0,0
2021-03-26,STORE_002,7730.88,369,278,45.0,0,0
2021-03-27,STORE_001,7566.89,136,106,10.3,0,0
2021-03-28,STORE_002,7324.82,266,209,17.2,0,0
2021-03-29,STORE_005,7240.65,56,95,8.1,0,0
2021-03-30,STORE_004,8164.19,327,337,7.6,0,0
2021-03-31,STORE_003,8317.49,386,200,5.6,0,0
2021-04-01,STORE_005,9052.19,259,51,22.2,0,0
2021-04-02,STORE_003,8888.0,218,136,-1.9,0,1
2021-04-03,STORE_001,7396.61,379,256,19.4,0,0
2021-04-04,STORE_001,6939.87,187,245,-11.2,0,1
2021-04-05,STORE_001,7664.46,490,98,18.3,0,0
2021-04-06,STORE_003,8327.79,440,113,25.2,0,0
2021-04-07,STORE_005,8322.09,430,132,-0.3,0,0
2021-04-08,STORE_001,8506.49,355,68,23.1,0,0
2021-04-09,STORE_005,8113.86,279,42,15.6,0,0
2021-04-10,STORE_003,7099.09,357,326,34.2,0,0
2021-04-11,STORE_005,6791.79,210,342,4.7,0,0
2021-04-12,STORE_003,6917.99,50,210,45.0,0,0
2021-04-13,STORE_003,7611.28,285,297,-13.7,0,0
2021-04-14,STORE_004,8453.17,486,42,11.0,0,0
2021-04-15,STORE_003,8684.38,237,149,-5.4,0,0
2021-04-16,STORE_003,8642.05,467,86,37.2,0,0
2021-04-17,STORE_002,7178.37,53,69,11.9,0,1
2021-04-18,STORE_001,7335.11,450,157,12.9,0,0
2021-04-19,STORE_004,7124.43,181,202,20.3,0,0
2021-04-20,STORE_004,7793.16,476,64,14.9,0,0
2021-04-21,STORE_004,8629.41,267,288,7.9,0,0
2021-04-22,STORE_002,8237.69,309,34,-0.1,0,0
2021-04-23,STORE_003,8249.05,50,247,17.0,0,0
2021-04-24,STORE_001,7482.29,120,40,19.5,0,0
2021-04-25,STORE_005,7139.08,227,146,23.3,0,0
2021-04-26,STORE_003,7223.99,238,213,38.0,0,0
2021-04-27,STORE_002,8490.31,340,145,-11.1,0,0
2021-04-28,STORE_003,8178.47,57,191,14.2,0,0
2021-04-29,STORE_003,8355.18,302,96,29.3,0,0
2021-04-30,STORE_002,7884.51,457,229,13.5,0,0
2021-05-01,STORE_004,7200.02,341,60,-13.1,0,1
2021-05-02,STORE_004,6731.64,483,104,-0.5,0,0
2021-05-03,STORE_001,7422.69,293,266,18.9,0,0
2021-05-04,STORE_001,8105.86,172,95,18.5,0,0
2021-05-05,STORE_004,8121.84,348,99,23.1,0,1
2021-05-06,STORE_005,8185.35,332,326,5.6,0,0
2021-05-07,STORE_003,8130.79,81,49,18.1,0,0
2021-05-08,STORE_005,7116.26,383,255,3.6,0,0
2021-05-09,STORE_003,7025.39,426,228,18.1,0,0
2021-05-10,STORE_004,7036.93,195,68,15.6,0,0
2021-05-11,STORE_001,7132.5,205,174,5.1,0,0
2021-05-12,STORE_001,8662.31,462,74,33.7,0,0
2021-05-13,STORE_005,8876.32,65,120,-5.5,0,0
2021-05-14,STORE_001,7705.57,404,267,13.3,0,0
2021-05-15,STORE_004,7063.24,96,99,4.9,0,0
2021-05-16,STORE_005,6816.5,300,195,37.0,0,0
2021-05-17,STORE_003,6969.26,236,159,22.2,0,0
2021-05-18,STORE_001,7675.34,80,243,7.2,0,0
2021-05-19,STORE_002,8689.38,309,118,11.6,0,0
2021-05-20,STORE_001,8170.48,470,281,37.3,0,0
2021-05-21,STORE_003,7533.71,66,101,3.6,0,0
2021-05-22,STORE_005,6647.37,88,194,-6.2,0,0
2021-05-23,STORE_003,6390.94,353,78,18.5,0,0
2021-05-24,STORE_002,6736.36,479,81,18.8,0,0
2021-05-25,STORE_004,7891.46,481,318,23.0,0,1
2021-05-26,STORE_001,7804.34,88,307,23.1,0,0
2021-05-27,STORE_005,8162.03,181,143,36.2,0,0
2021-05-28,STORE_004,7637.67,79,268,-5.6,0,0
2021-05-29,STORE_003,7285.18,207,162,0.6,0,0
2021-05-30,STORE_005,7233.95,327,303,22.9,0,0
2021-05-31,STORE_004,6450.88,252,195,1.7,0,0
2021-06-01,STORE_005,7068.34,115,322,-2.5,0,1
2021-06-02,STORE_002,8133.23,157,272,37.4,0,1
2021-06-03,STORE_002,8158.14,317,349,-4.4,0,0
2021-06-04,STORE_001,8053.66,271,167,10.8,0,0
2021-06-05,STORE_001,6959.31,341,108,14.3,0,0
2021-06-06,STORE_002,6222.01,67,199,30.7,0,0
2021-06-07,STORE_005,6639.78,139,152,-7.4,0,1
2021-06-08,STORE_002,7398.78,230,205,20.0,0,0
2021-06-09,STORE_001,7915.72,304,329,4.3,0,0
2021-06-10,STORE_002,7954.0,302,111,22.5,0,0
2021-06-11,STORE_002,7666.59,306,116,4.1,0,0
2021-06-12,STORE_005,6980.61,432,254,33.9,0,1
2021-06-13,STORE_004,6588.93,491,45,4.2,0,0
2021-06-14,STORE_001,6500.53,395,339,-14.5,0,0
2021-06-15,STORE_005,6858.26,136,192,5.5,0,0
2021-06-16,STORE_002,7554.77,139,127,11.9,0,0
2021-06-17,STORE_002,8003.95,286,185,28.0,0,0
2021-06-18,STORE_004,6940.73,439,31,-0.1,0,0
2021-06-19,STORE_001,6578.75,119,198,0.1,0,0
2021-06-20,STORE_001,5893.76,93,344,26.5,0,0
2021-06-21,STORE_003,6151.21,249,121,-1.5,0,0
2021-06-22,STORE_001,7127.86,201,210,12.9,0,0
2021-06-23,STORE_004,7403.31,135,260,13.1,0,0
2021-06-24,STORE_003,7490.52,68,330,17.6,0,0
2021-06-25,STORE_003,6611.86,150,177,6.0,0,0
2021-06-26,STORE_002,6525.48,451,309,3.9,0,0
2021-06-27,STORE_002,6038.38,144,218,19.0,0,0
2021-06-28,STORE_001,6624.11,303,343,4.2,0,0
2021-06-29,STORE_003,6484.15,406,157,-1.3,0,0
2021-06-30,STORE_002,7243.57,79,36,29.7,0,0
2021-07-01,STORE_004,7382.96,298,76,20.9,0,0
2021-07-02,STORE_002,,475,82,36.2,0,0
2021-07-03,STORE_002,6104.19,82,216,24.4,0,1
2021-07-04,STORE_003,5759.5,278,67,-0.2,0,1
2021-07-05,STORE_003,,61,255,16.2,0,0
2021-07-06,STORE_005,6463.46,167,82,2.8,0,0
2021-07-07,STORE_004,6874.93,399,253,-4.8,0,0
2021-07-08,STORE_003,7197.52,204,183,9.6,0,0
2021-07-09,STORE_001,7004.54,472,77,26.8,0,0
2021-07-10,STORE_004,5656.33,442,176,18.3,0,0
2021-07-11,STORE_004,5547.45,295,93,-1.7,0,0
2021-07-12,STORE_003,5428.17,454,211,9.2,1,0
2021-07-13,STORE_004,6598.44,381,154,13.3,0,0
2021-07-14,STORE_003,6384.77,296,208,-5.3,0,0
2021-07-15,STORE_002,6804.95,78,68,23.6,0,1
2021-07-16,STORE_005,6629.47,210,289,12.3,0,0
2021-07-17,STORE_002,6268.38,284,32,-1.7,0,0
2021-07-18,STORE_003,5322.9,239,93,-2.4,0,0
2021-07-19,STORE_003,5307.4,166,58,28.2,0,0
2021-07-20,STORE_002,6640.75,320,40,10.4,0,0
2021-07-21,STORE_001,6244.59,307,126,29.3,0,0
2021-07-22,STORE_001,6151.09,229,232,33.9,0,0
2021-07-23,STORE_001,6487.31,422,50,27.3,0,0
2021-07-24,STORE_003,5488.04,221,68,8.6,0,0
2021-07-25,STORE_004,4877.18,487,252,-15.0,0,1
2021-07-26,STORE_003,5528.43,323,131,18.8,0,0
2021-07-27,STORE_004,5992.6,308,75,40.1,0,1
2021-07-28,STORE_002,6353.96,184,95,14.6,0,1
2021-07-29,STORE_005,6272.02,220,120,-8.9,0,0
2021-07-30,STORE_004,6463.67,259,193,6.9,0,0
2021-07-31,STORE_001,5681.63,285,140,12.8,0,0
2021-08-01,STORE_003,5003.05,471,152,1.8,0,1
2021-08-02,STORE_002,5720.55,470,222,-15.0,0,0
2021-08-03,STORE_001,5450.51,235,128,13.8,0,0
2021-08-04,STORE_002,5919.08,466,320,5.6,0,0
2021-08-05,STORE_005,,413,188,36.3,0,0
2021-08-06,STORE_003,6044.9,492,132,16.2,0,0
2021-08-07,STORE_003,5417.84,144,310,20.6,0,0
2021-08-08,STORE_005,4820.36,427,72,13.6,0,0
2021-08-09,STORE_003,5133.82,60,113,16.1,0,0
2021-08-10,STORE_004,5259.47,117,220,-4.8,0,0
2021-08-11,STORE_002,6675.06,428,80,2.5,0,0
2021-08-12,STORE_001,6353.58,259,239,28.1,0,0
2021-08-13,STORE_005,6262.69,245,155,17.5,0,0
2021-08-14,STORE_004,5318.5,418,98,10.2,0,0
2021-08-15,STORE_001,4902.57,147,294,20.8,0,1
2021-08-16,STORE_001,,142,287,21.1,0,0
2021-08-17,STORE_005,5646.11,71,217,38.9,0,0
2021-08-18,STORE_004,6313.7,499,259,17.0,0,0
2021-08-19,STORE_001,6658.05,221,218,2.2,0,0
2021-08-20,STORE_001,5869.7,432,39,13.6,0,0
2021-08-21,STORE_004,5313.83,183,143,22.3,0,0
2021-08-22,STORE_003,4626.31,475,105,26.9,0,0
2021-08-23,STORE_001,5225.02,74,193,-4.4,0,0
2021-08-24,STORE_002,5201.16,234,114,18.0,0,0
2021-08-25,STORE_004,6555.8,134,78,4.2,0,0
2021-08-26,STORE_001,6144.28,104,206,8.2,0,0
2021-08-27,STORE_005,5280.94,300,247,25.2,0,0
2021-08-28,STORE_002,5041.45,193,218,24.0,0,0
2021-08-29,STORE_001,4353.29,400,259,6.9,0,0
2021-08-30,STORE_002,4952.07,447,284,13.1,0,0
2021-08-31,STORE_002,5117.72,216,265,8.6,0,0
2021-09-01,STORE_003,5793.67,461,55,45.0,0,0
2021-09-02,STORE_002,5504.07,273,101,18.3,0,0
2021-09-03,STORE_003,5491.73,269,290,4.9,0,0
2021-09-04,STORE_004,4195.76,228,283,30.9,0,0
2021-09-05,STORE_003,4005.03,168,300,31.3,0,0
2021-09-06,STORE_005,4853.31,482,152,36.5,0,0
2021-09-07,STORE_001,5477.3,314,173,40.1,0,0
2021-09-08,STORE_004,5985.98,491,286,23.5,0,0
2021-09-09,STORE_004,5714.45,478,173,10.8,0,0
2021-09-10,STORE_005,5549.53,199,288,12.6,0,0
2021-09-11,STORE_003,4861.1,465,76,11.5,0,0
2021-09-12,STORE_001,4074.8,264,42,10.2,0,1
2021-09-13,STORE_003,5021.19,246,237,29.9,0,0
2021-09-14,STORE_002,5452.66,91,340,15.0,0,0
2021-09-15,STORE_003,5742.85,102,264,26.7,0,0
2021-09-16,STORE_004,5966.34,492,178,23.1,0,0
2021-09-17,STORE_001,5583.04,379,184,1.8,0,0
2021-09-18,STORE_003,4209.31,300,195,-5.6,0,1
2021-09-19,STORE_001,4310.79,344,119,0.2,0,0
2021-09-20,STORE_001,4331.21,427,215,9.9,0,0
2021-09-21,STORE_002,4857.6,320,347,16.6,0,0
2021-09-22,STORE_002,5696.48,462,203,7.2,0,0
2021-09-23,STORE_004,6472.28,172,246,23.4,0,0
2021-09-24,STORE_005,5690.52,416,293,8.7,0,0
2021-09-25,STORE_001,4631.28,436,126,18.1,0,0
2021-09-26,STORE_005,4540.58,388,146,16.4,0,0
2021-09-27,STORE_004,4942.55,315,228,35.8,0,0
2021-09-28,STORE_001,5425.49,397,349,3.3,0,1
2021-09-29,STORE_001,5791.8,78,50,41.5,0,0
2021-09-30,STORE_005,5735.09,84,229,7.9,0,0
2021-10-01,STORE_003,5707.03,55,277,-1.1,0,0
2021-10-02,STORE_002,4923.06,445,305,12.4,0,0
2021-10-03,STORE_003,4642.86,160,293,45.0,0,1
2021-10-04,STORE_005,4721.89,343,87,25.7,0,0
2021-10-05,STORE_002,5474.67,126,331,22.2,0,0
2021-10-06,STORE_003,5628.14,398,60,24.5,1,0
2021-10-07,STORE_002,6342.3,196,278,5.8,0,0
2021-10-08,STORE_001,5577.85,116,122,18.9,0,0
2021-10-09,STORE_003,5451.71,441,294,15.0,0,0
2021-10-10,STORE_002,4194.75,57,300,36.7,0,0
2021-10-11,STORE_002,5082.42,171,123,13.7,0,0
2021-10-12,STORE_002,5252.56,389,183,10.5,0,0
2021-10-13,STORE_003,5629.75,224,314,1.0,0,0
2021-10-14,STORE_004,5841.45,437,109,16.7,0,0
2021-10-15,STORE_003,5465.07,228,321,18.5,0,0
2021-10-16,STORE_005,5002.03,134,113,0.6,0,0
2021-10-17,STORE_003,4607.05,94,66,20.4,0,0
2021-10-18,STORE_002,4441.25,185,261,17.8,0,0
2021-10-19,STORE_001,5240.63,392,122,27.2,0,0
2021-10-20,STORE_003,6525.62,65,131,29.5,0,1
2021-10-21,STORE_003,6565.63,382,195,16.1,0,0
2021-10-22,STORE_002,5755.8,244,188,2.6,0,0
2021-10-23,STORE_001,4952.88,58,43,5.0,0,0
2021-10-24,STORE_001,4555.86,365,254,36.1,0,1
2021-10-25,STORE_005,4870.0,383,102,17.0,0,0
2021-10-26,STORE_003,5016.59,382,278,36.0,0,0
2021-10-27,STORE_001,5884.11,376,120,21.0,0,0
2021-10-28,STORE_001,5628.05,64,245,24.0,0,0
2021-10-29,STORE_004,5828.78,376,119,26.3,0,0
2021-10-30,STORE_004,,151,58,0.3,0,0
2021-10-31,STORE_001,4464.65,275,334,18.7,0,0
2021-11-01,STORE_005,5250.68,474,249,0.2,0,0
2021-11-02,STORE_001,5051.0,327,244,11.6,0,0
2021-11-03,STORE_002,5620.05,457,250,22.7,0,0
2021-11-04,STORE_003,6296.72,162,71,2.7,0,0
2021-11-05,STORE_005,6126.59,477,164,21.7,0,0
2021-11-06,STORE_002,5639.7,50,71,-3.0,0,0
2021-11-07,STORE_005,4580.67,315,193,28.7,0,1
2021-11-08,STORE_002,5213.42,257,312,7.0,0,0
2021-11-09,STORE_003,5521.08,159,87,2.7,0,0
2021-11-10,STORE_003,6124.02,249,331,-2.2,0,0
2021-11-11,STORE_004,6613.44,489,54,8.0,0,0
2021-11-12,STORE_002,6129.59,418,102,-7.9,0,0
2021-11-13,STORE_004,4785.49,355,158,8.4,0,0
2021-11-14,STORE_002,5287.59,61,116,28.2,0,0
2021-11-15,STORE_004,5432.52,394,182,12.7,0,0
2021-11-16,STORE_003,5475.99,237,211,0.9,0,0
2021-11-17,STORE_005,6427.88,203,154,17.7,0,0
2021-11-18,STORE_004,6632.15,417,96,16.7,0,0
2021-11-19,STORE_002,6149.94,383,35,38.5,0,0
2021-11-20,STORE_002,5233.36,474,154,24.5,0,0
2021-11-21,STORE_003,4785.35,469,343,18.7,0,0
2021-11-22,STORE_002,5155.15,426,82,25.9,0,0
2021-11-23,STORE_001,6161.88,328,95,13.4,0,0
2021-11-24,STORE_005,6620.67,220,343,14.1,0,0
2021-11-25,STORE_004,6523.21,183,111,34.9,0,1
2021-11-26,STORE_005,6455.66,476,116,-4.6,0,0
2021-11-27,STORE_003,4698.22,74,31,26.6,0,0
2021-11-28,STORE_004,5487.68,67,233,13.7,0,0
2021-11-29,STORE_004,4798.95,239,179,11.5,0,0
2021-11-30,STORE_001,5861.17,190,322,8.4,0,0
2021-12-01,STORE_003,6283.28,92,132,16.8,0,0
2021-12-02,STORE_002,6409.28,383,53,14.5,0,0
2021-12-03,STORE_001,6737.35,333,241,10.0,0,0
2021-12-04,STORE_001,5579.04,195,94,6.6,0,1
2021-12-05,STORE_005,5415.13,364,238,-7.9,0,0
2021-12-06,STORE_005,5476.44,493,280,6.3,0,0
2021-12-07,STORE_005,6284.14,368,146,8.9,0,0
2021-12-08,STORE_001,6814.77,490,145,16.8,0,0
2021-12-09,STORE_002,6586.72,141,266,38.6,0,0
2021-12-10,STORE_004,6863.24,228,134,7.6,0,0
2021-12-11,STORE_005,5747.76,105,288,2.7,0,0
2021-12-12,STORE_002,5021.98,204,75,6.4,0,0
2021-12-13,STORE_003,5541.04,209,340,16.8,0,0
2021-12-14,STORE_005,6771.35,160,245,22.1,0,0
2021-12-15,STORE_004,7227.98,186,330,23.7,0,0
2021-12-16,STORE_003,7049.24,281,53,24.9,0,0
2021-12-17,STORE_003,6642.78,269,64,26.6,0,0
2021-12-18,STORE_004,5983.53,117,53,11.7,0,0
2021-12-19,STORE_005,6296.99,351,57,39.6,0,0
2021-12-20,STORE_001,5969.9,298,45,10.7,0,0
2021-12-21,STORE_004,6636.76,372,88,16.3,0,0
2021-12-22,STORE_004,7469.35,459,272,30.5,0,0
2021-12-23,STORE_004,7413.5,441,236,21.8,0,0
2021-12-24,STORE_003,6858.5,55,300,-11.9,0,0
2021-12-25,STORE_002,6210.34,329,278,15.1,0,0
2021-12-26,STORE_001,5842.23,481,296,25.3,0,0
2021-12-27,STORE_005,6034.36,143,222,-1.1,0,0
2021-12-28,STORE_005,6916.66,478,247,24.0,0,0
2021-12-29,STORE_002,7366.83,318,144,19.7,0,0
2021-12-30,STORE_004,7752.94,246,97,29.2,0,0
2021-12-31,STORE_001,7103.54,74,328,6.7,0,0
2022-01-01,STORE_005,6484.58,197,104,27.0,0,0
2022-01-02,STORE_005,5456.14,167,132,16.9,0,0
2022-01-03,STORE_004,6512.41,387,326,36.2,0,0
2022-01-04,STORE_002,6994.34,416,207,45.0,0,1
2022-01-05,STORE_001,7842.66,387,244,33.5,0,0
2022-01-06,STORE_002,6856.21,115,344,20.8,0,1
2022-01-07,STORE_002,7946.09,350,68,42.9,0,0
2022-01-08,STORE_001,6610.76,419,288,22.2,0,0
2022-01-09,STORE_001,6579.47,224,233,4.1,0,0
2022-01-10,STORE_005,6116.68,368,36,14.5,0,1
2022-01-11,STORE_005,7265.03,125,78,24.1,0,0
2022-01-12,STORE_001,7417.65,163,55,24.9,0,0
2022-01-13,STORE_003,7727.94,160,190,1.5,0,0
2022-01-14,STORE_005,8083.28,298,205,1.9,0,0
2022-01-15,STORE_003,6784.38,488,108,10.9,0,0
2022-01-16,STORE_001,6500.6,252,31,21.4,0,0
2022-01-17,STORE_005,6877.37,196,161,23.0,0,0
2022-01-18,STORE_002,7416.9,84,305,16.7,0,0
2022-01-19,STORE_001,7965.04,358,146,5.0,0,0
2022-01-20,STORE_004,8210.0,75,193,35.8,0,0
2022-01-21,STORE_003,8414.67,287,317,2.1,0,1
2022-01-22,STORE_001,7007.97,63,57,30.6,0,0
2022-01-23,STORE_001,6678.41,423,30,23.9,0,1
2022-01-24,STORE_005,7113.25,94,217,30.4,0,0
2022-01-25,STORE_005,7780.5,477,85,9.7,0,0
2022-01-26,STORE_005,8455.56,265,64,13.3,0,0
2022-01-27,STORE_004,8470.5,282,141,15.7,0,0
2022-01-28,STORE_005,7527.91,242,315,9.3,0,0
2022-01-29,STORE_001,7691.19,100,339,17.7,0,0
2022-01-30,STORE_005,6448.78,476,65,33.9,0,0
2022-01-31,STORE_002,7062.09,424,246,-0.6,0,0
2022-02-01,STORE_005,7394.4,263,109,7.1,0,0
2022-02-02,STORE_004,8250.6,200,343,5.8,0,0
2022-02-03,STORE_002,8546.41,489,112,13.9,0,0
2022-02-04,STORE_001,,324,94,13.4,0,0
2022-02-05,STORE_001,7493.5,387,157,24.3,0,0
2022-02-06,STORE_003,7440.92,125,336,15.4,0,0
2022-02-07,STORE_002,7269.8,488,51,18.6,0,0
2022-02-08,STORE_003,7708.16,269,245,19.8,0,0
2022-02-09,STORE_002,8718.02,397,136,17.9,0,0
2022-02-10,STORE_002,8961.76,493,138,23.4,0,0
2022-02-11,STORE_004,7825.16,236,210,13.5,0,0
2022-02-12,STORE_003,7699.52,338,193,34.8,0,0
2022-02-13,STORE_004,7318.6,452,97,45.0,0,0
2022-02-14,STORE_002,7193.93,77,321,23.5,0,0
2022-02-15,STORE_001,8341.55,428,209,17.7,0,0
2022-02-16,STORE_002,8529.15,229,210,22.5,0,0
2022-02-17,STORE_004,8785.86,302,198,1.8,0,0
2022-02-18,STORE_003,8282.65,175,51,17.2,0,0
2022-02-19,STORE_003,7663.92,226,95,6.2,0,0
2022-02-20,STORE_004,6916.09,86,50,21.1,0,1
2022-02-21,STORE_003,6985.66,459,129,6.3,0,0
2022-02-22,STORE_005,8539.37,148,329,10.9,0,0
2022-02-23,STORE_001,8449.93,147,132,-7.5,0,0
2022-02-24,STORE_001,8578.26,176,76,0.9,0,0
2022-02-25,STORE_001,7813.65,217,68,19.3,0,0
2022-02-26,STORE_003,7590.22,129,314,4.6,1,0
2022-02-27,STORE_003,6968.25,343,339,27.8,0,0
2022-02-28,STORE_002,8027.98,382,119,3.6,0,0
2022-03-01,STORE_002,8479.14,175,114,20.4,0,0
2022-03-02,STORE_001,8610.19,392,302,5.9,0,0
2022-03-03,STORE_005,9661.44,359,217,19.6,0,0
2022-03-04,STORE_002,8861.61,199,188,-3.4,0,0
2022-03-05,STORE_002,7789.24,65,272,9.6,0,0
2022-03-06,STORE_003,6717.45,77,102,4.8,0,0
2022-03-07,STORE_005,8322.06,468,78,25.6,0,0
2022-03-08,STORE_001,7856.0,493,130,20.5,0,0
2022-03-09,STORE_002,8416.95,222,31,0.2,1,0
2022-03-10,STORE_005,9383.63,95,273,12.6,0,0
2022-03-11,STORE_005,9387.36,377,205,5.7,0,0
2022-03-12,STORE_001,8387.5,285,267,26.4,0,0
2022-03-13,STORE_005,7719.14,488,88,30.3,0,0
2022-03-14,STORE_005,7893.03,263,128,-2.3,0,0
2022-03-15,STORE_005,8605.84,134,31,24.9,0,0
2022-03-16,STORE_002,9212.28,331,272,5.1,0,0
2022-03-17,STORE_001,9232.33,281,326,12.0,0,1
2022-03-18,STORE_005,8754.87,134,240,15.4,1,0
2022-03-19,STORE_005,8018.66,458,152,36.8,0,0
2022-03-20,STORE_002,7386.02,114,258,3.0,0,0
2022-03-21,STORE_001,7689.66,183,111,25.0,0,0
2022-03-22,STORE_003,7898.18,200,173,0.9,0,0
2022-03-23,STORE_002,9008.34,164,169,0.1,0,0
2022-03-24,STORE_001,8901.61,113,58,15.3,0,0
2022-03-25,STORE_005,8439.71,392,299,15.3,0,1
2022-03-26,STORE_001,8135.53,476,276,-15.0,0,0
2022-03-27,STORE_001,8070.88,412,41,28.9,0,0
2022-03-28,STORE_001,8087.36,456,135,-10.7,0,1
2022-03-29,STORE_003,7969.85,401,61,13.2,0,0
2022-03-30,STORE_001,8772.8,207,103,30.9,0,0
2022-03-31,STORE_003,9509.17,126,200,41.5,0,0
2022-04-01,STORE_005,8501.7,195,98,10.6,0,0
2022-04-02,STORE_003,8036.74,392,330,-2.2,0,1
2022-04-03,STORE_005,7837.75,274,166,30.5,0,0
2022-04-04,STORE_005,7537.72,454,129,25.4,0,0
2022-04-05,STORE_003,8485.86,362,175,9.1,0,0
2022-04-06,STORE_002,8679.63,152,38,7.6,0,0
2022-04-07,STORE_004,9053.58,456,91,6.4,0,0
2022-04-08,STORE_001,8896.32,396,214,10.9,0,0
2022-04-09,STORE_004,7627.07,350,58,18.8,0,0
2022-04-10,STORE_001,7802.62,477,143,8.2,0,0
2022-04-11,STORE_001,7816.98,137,172,9.7,0,0
2022-04-12,STORE_005,8611.55,420,149,22.7,0,0
2022-04-13,STORE_001,9135.48,352,199,-2.8,0,0
2022-04-14,STORE_001,9628.63,217,186,10.5,0,1
2022-04-15,STORE_003,8820.28,484,289,-5.1,0,1
2022-04-16,STORE_004,7955.41,219,111,16.3,0,0
2022-04-17,STORE_003,7683.39,184,271,-8.3,0,0
2022-04-18,STORE_001,7959.04,99,201,25.7,1,0
2022-04-19,STORE_005,8430.61,481,260,-0.8,0,0
2022-04-20,STORE_003,9047.62,389,237,-6.3,0,0
2022-04-21,STORE_003,8972.92,396,104,10.6,0,0
2022-04-22,STORE_002,8544.98,183,299,35.5,0,0
2022-04-23,STORE_001,7621.62,396,143,23.5,0,0
2022-04-24,STORE_005,8126.78,186,91,-8.1,0,1
2022-04-25,STORE_003,7375.15,294,349,-1.1,0,0
2022-04-26,STORE_003,8157.43,158,131,10.3,0,0
2022-04-27,STORE_005,8766.35,362,239,41.9,0,0
2022-04-28,STORE_001,9395.54,336,284,3.7,0,0
2022-04-29,STORE_002,8596.05,70,49,3.8,0,0
2022-04-30,STORE_003,8354.56,139,87,33.3,0,0
2022-05-01,STORE_002,7334.87,345,141,17.3,0,0
2022-05-02,STORE_004,7764.22,161,342,27.6,0,0
2022-05-03,STORE_001,8044.13,350,225,6.3,0,0
2022-05-04,STORE_004,9552.1,126,121,13.8,0,0
2022-05-05,STORE_004,8694.73,226,81,30.8,0,0
2022-05-06,STORE_004,8698.73,392,322,13.3,0,0
2022-05-07,STORE_001,8088.94,197,37,28.5,0,0
2022-05-08,STORE_001,7576.98,150,329,19.6,0,0
2022-05-09,STORE_005,7538.24,295,127,2.5,0,0
2022-05-10,STORE_002,8166.5,166,265,14.8,0,1
2022-05-11,STORE_002,8829.85,141,98,26.8,0,1
2022-05-12,STORE_005,8912.54,450,74,23.0,0,0
2022-05-13,STORE_005,8798.07,77,166,14.5,1,0
2022-05-14,STORE_004,8462.62,474,263,-7.7,0,0
2022-05-15,STORE_005,7183.82,499,61,-6.6,0,1
2022-05-16,STORE_003,7078.71,74,318,-4.0,0,0
2022-05-17,STORE_002,,107,155,8.9,0,0
2022-05-18,STORE_005,9481.74,346,96,10.5,0,0
2022-05-19,STORE_003,8604.36,183,59,-2.7,0,0
2022-05-20,STORE_003,8887.21,380,143,27.3,0,0
2022-05-21,STORE_003,8187.12,298,233,-0.2,1,0
2022-05-22,STORE_003,7067.15,87,58,-1.4,0,0
2022-05-23,STORE_004,,439,160,16.1,0,0
2022-05-24,STORE_003,8465.32,478,214,26.7,0,0
2022-05-25,STORE_004,8469.93,124,282,39.7,0,0
2022-05-26,STORE_004,8658.2,191,315,22.0,0,0
2022-05-27,STORE_003,8092.79,371,91,34.0,0,1
2022-05-28,STORE_002,7249.25,217,32,0.5,0,0
2022-05-29,STORE_003,6906.41,308,97,40.9,0,0
2022-05-30,STORE_003,6868.59,422,54,-7.3,0,0
2022-05-31,STORE_003,7851.32,404,208,9.0,0,0
2022-06-01,STORE_002,8215.19,274,170,21.7,0,0
2022-06-02,STORE_001,8650.19,201,260,-4.3,0,0
2022-06-03,STORE_001,7659.62,68,329,3.9,0,0
2022-06-04,STORE_004,,195,192,2.0,0,0
2022-06-05,STORE_004,7207.11,497,340,11.3,0,0
2022-06-06,STORE_002,6491.96,290,159,32.1,0,0
2022-06-07,STORE_005,7806.11,421,275,15.2,0,1
2022-06-08,STORE_001,8665.83,430,326,9.4,0,0
2022-06-09,STORE_004,8067.1,393,201,-15.0,0,0
2022-06-10,STORE_001,8476.74,286,93,20.6,0,0
2022-06-11,STORE_002,7384.11,84,60,24.5,0,0
2022-06-12,STORE_002,6591.55,239,76,-5.4,0,0
2022-06-13,STORE_005,6918.13,50,159,14.2,0,0
2022-06-14,STORE_005,7705.02,202,139,17.3,0,0
2022-06-15,STORE_002,8162.84,478,98,26.6,0,0
2022-06-16,STORE_004,8433.06,482,87,6.3,0,1
2022-06-17,STORE_001,7539.19,175,135,4.5,0,0
2022-06-18,STORE_003,7148.67,394,329,9.5,0,0
2022-06-19,STORE_005,6217.48,449,285,30.4,0,0
2022-06-20,STORE_003,6739.18,275,341,27.5,0,1
2022-06-21,STORE_004,7103.21,270,200,14.7,0,1
2022-06-22,STORE_005,7755.48,452,191,27.2,0,0
2022-06-23,STORE_003,8477.66,456,315,-13.4,0,0
2022-06-24,STORE_004,7977.53,260,100,24.5,0,0
2022-06-25,STORE_001,7114.74,74,284,1.6,0,0
2022-06-26,STORE_004,6147.49,65,84,36.2,0,0
2022-06-27,STORE_005,6510.71,231,32,2.2,0,0
2022-06-28,STORE_002,7570.96,378,55,4.8,0,0
2022-06-29,STORE_001,7850.91,178,342,21.7,0,1
2022-06-30,STORE_003,8634.54,91,155,22.9,0,1
2022-07-01,STORE_005,7599.76,452,82,9.6,0,0
2022-07-02,STORE_002,6821.01,467,227,19.5,0,0
2022-07-03,STORE_004,6213.66,385,328,20.9,0,0
2022-07-04,STORE_002,6476.78,285,217,19.7,0,0
2022-07-05,STORE_005,6992.3,409,215,10.1,0,0
2022-07-06,STORE_005,7851.82,488,334,21.1,0,0
2022-07-07,STORE_002,8056.78,451,327,31.9,0,0
2022-07-08,STORE_004,7077.08,83,233,0.3,0,0
2022-07-09,STORE_002,6195.27,394,40,4.9,0,0
2022-07-10,STORE_005,5586.98,430,175,15.3,0,0
2022-07-11,STORE_005,6420.81,94,114,2.3,0,0
2022-07-12,STORE_003,6539.02,183,129,-6.6,0,0
2022-07-13,STORE_003,6825.86,70,133,28.1,0,0
2022-07-14,STORE_001,7719.09,171,75,-11.7,0,0
2022-07-15,STORE_005,7893.98,119,73,10.2,0,0
2022-07-16,STORE_003,6426.54,401,307,24.1,0,0
2022-07-17,STORE_002,6223.67,410,210,18.2,0,0
2022-07-18,STORE_004,6127.86,97,216,10.4,0,0
2022-07-19,STORE_002,6675.94,88,143,1.8,0,0
2022-07-20,STORE_004,7583.75,336,284,19.1,0,0
2022-07-21,STORE_003,7352.5,59,59,3.1,0,0
2022-07-22,STORE_001,7064.19,79,293,18.2,0,0
2022-07-23,STORE_002,6363.64,293,127,16.7,0,0
2022-07-24,STORE_002,5611.39,323,342,16.8,0,0
2022-07-25,STORE_002,,493,144,7.3,0,0
2022-07-26,STORE_004,6494.82,137,305,39.4,0,0
2022-07-27,STORE_003,6924.08,293,310,19.3,0,0
2022-07-28,STORE_002,7444.45,430,304,11.7,0,0
2022-07-29,STORE_002,6559.52,378,290,18.2,0,0
2022-07-30,STORE_001,6121.9,64,236,5.7,0,0
2022-07-31,STORE_001,5656.68,53,240,10.4,0,0
2022-08-01,STORE_003,6118.67,240,244,43.7,0,0
2022-08-02,STORE_003,6540.0,217,69,5.8,0,0
2022-08-03,STORE_005,6995.0,58,55,14.1,0,0
2022-08-04,STORE_001,7382.0,158,56,9.5,0,0
2022-08-05,STORE_005,7100.81,186,219,2.5,0,1
2022-08-06,STORE_004,6137.04,203,112,20.1,0,0
2022-08-07,STORE_005,5520.38,437,199,15.4,0,0
2022-08-08,STORE_002,5258.86,258,196,25.9,0,0
2022-08-09,STORE_005,5939.27,321,217,24.7,0,0
2022-08-10,STORE_003,6773.9,192,198,25.8,0,0
2022-08-11,STORE_004,6818.56,148,318,4.0,0,0
2022-08-12,STORE_002,6494.23,426,258,22.7,0,0
2022-08-13,STORE_005,5855.14,357,126,23.0,0,0
2022-08-14,STORE_004,5546.54,118,45,2.7,0,0
2022-08-15,STORE_004,5503.58,296,308,11.2,1,0
2022-08-16,STORE_002,6279.07,310,164,-2.5,0,0
2022-08-17,STORE_005,6761.16,325,55,23.0,0,0
2022-08-18,STORE_004,6287.2,128,41,23.0,0,0
2022-08-19,STORE_004,,195,101,32.2,0,0
2022-08-20,STORE_001,5677.62,160,162,12.3,0,1
2022-08-21,STORE_004,4909.62,307,135,20.4,0,0
2022-08-22,STORE_001,5591.83,142,249,26.9,0,0
2022-08-23,STORE_005,6481.74,62,206,6.0,0,0
2022-08-24,STORE_005,6999.14,309,311,4.1,0,0
2022-08-25,STORE_005,6709.85,475,162,6.3,0,0
2022-08-26,STORE_003,6774.5,158,51,10.8,0,0
2022-08-27,STORE_005,5664.27,379,298,4.6,0,0
2022-08-28,STORE_004,5072.67,238,190,6.8,0,0
2022-08-29,STORE_002,5131.58,144,136,25.6,0,0
2022-08-30,STORE_001,5838.02,154,308,13.8,0,0
2022-08-31,STORE_003,6425.85,57,264,18.7,0,0
2022-09-01,STORE_005,6736.36,116,47,8.4,0,0
2022-09-02,STORE_005,6289.41,240,271,7.6,0,0
2022-09-03,STORE_002,5537.17,415,146,18.4,0,0
2022-09-04,STORE_002,5224.11,305,315,16.5,0,0
2022-09-05,STORE_003,5594.72,58,311,24.3,0,1
2022-09-06,STORE_001,6138.26,166,173,30.6,0,0
2022-09-07,STORE_005,,316,234,6.7,0,0
2022-09-08,STORE_003,5849.19,148,68,25.3,0,0
2022-09-09,STORE_004,6454.45,347,183,2.0,0,0
2022-09-10,STORE_004,5061.9,446,205,39.9,0,0
2022-09-11,STORE_003,4964.15,213,270,5.6,0,0
2022-09-12,STORE_005,4827.88,425,163,23.3,0,0
2022-09-13,STORE_003,5257.07,190,75,2.0,0,0
2022-09-14,STORE_005,6579.27,317,79,13.2,0,0
2022-09-15,STORE_002,6793.18,86,195,33.5,0,0
2022-09-16,STORE_003,5954.2,123,135,5.2,0,0
2022-09-17,STORE_005,4650.6,122,245,41.5,0,0
2022-09-18,STORE_003,4826.61,357,175,14.9,0,0
2022-09-19,STORE_003,5258.35,248,101,26.7,0,0
2022-09-20,STORE_005,5318.87,179,302,19.8,0,0
2022-09-21,STORE_005,6439.73,295,276,20.5,0,0
2022-09-22,STORE_001,6531.75,361,215,-2.1,0,0
2022-09-23,STORE_003,6274.87,109,99,9.3,0,1
2022-09-24,STORE_004,5440.77,328,179,29.4,0,0
2022-09-25,STORE_003,4678.6,152,275,10.9,0,0
2022-09-26,STORE_003,5482.87,345,291,16.7,0,0
2022-09-27,STORE_005,5701.15,369,55,-3.6,0,0
2022-09-28,STORE_003,6365.77,390,169,8.5,0,0
2022-09-29,STORE_003,6248.69,200,128,28.5,0,0
2022-09-30,STORE_004,5963.52,206,307,-0.4,0,0
2022-10-01,STORE_005,5137.97,255,80,23.6,0,0
2022-10-02,STORE_003,4920.25,228,180,17.1,0,0
2022-10-03,STORE_002,5642.13,246,133,12.2,0,0
2022-10-04,STORE_001,5344.96,272,118,11.6,0,1
2022-10-05,STORE_004,5900.82,138,170,9.1,0,1
2022-10-06,STORE_003,6984.05,336,242,10.2,0,0
2022-10-07,STORE_002,6050.84,483,262,26.2,0,0
2022-10-08,STORE_003,5222.92,325,212,9.8,0,0
2022-10-09,STORE_003,5307.44,285,280,36.7,0,0
2022-10-10,STORE_005,4973.37,232,38,18.6,0,0
2022-10-11,STORE_005,6333.86,258,108,8.1,0,1
2022-10-12,STORE_005,6620.88,179,81,26.7,0,1
2022-10-13,STORE_002,6432.02,202,298,22.5,0,0
2022-10-14,STORE_003,6799.6,62,255,-4.9,0,0
2022-10-15,STORE_001,5283.76,171,80,2.6,0,0
2022-10-16,STORE_004,5262.99,408,215,13.6,0,0
2022-10-17,STORE_005,5292.77,269,63,-4.0,0,0
2022-10-18,STORE_005,6227.55,155,320,40.1,0,0
2022-10-19,STORE_003,6939.95,424,259,24.9,0,0
2022-10-20,STORE_003,6645.0,119,160,14.8,0,0
2022-10-21,STORE_002,5986.39,244,149,10.9,0,1
2022-10-22,STORE_002,5666.46,235,276,7.8,0,0
2022-10-23,STORE_005,4903.01,148,221,-8.6,0,0
2022-10-24,STORE_003,5875.91,131,239,-5.8,0,0
2022-10-25,STORE_001,5949.84,124,132,37.8,0,0
2022-10-26,STORE_004,6436.66,423,162,33.9,0,0
2022-10-27,STORE_003,6768.47,389,168,8.1,0,0
2022-10-28,STORE_003,5888.82,241,150,25.9,0,1
2022-10-29,STORE_002,5320.39,374,123,21.1,0,0
2022-10-30,STORE_004,5552.68,263,158,22.5,0,0
2022-10-31,STORE_005,5163.88,364,120,-2.1,0,0
2022-11-01,STORE_003,5686.65,493,121,-6.7,0,0
2022-11-02,STORE_005,6801.87,431,92,29.2,0,0
2022-11-03,STORE_003,7166.14,416,58,-8.8,0,1
2022-11-04,STORE_005,6608.72,367,239,13.2,0,0
2022-11-05,STORE_004,6013.46,193,41,10.6,0,0
2022-11-06,STORE_002,5070.96,433,326,9.5,0,0
2022-11-07,STORE_004,5042.48,265,159,18.8,0,0
2022-11-08,STORE_001,6561.81,410,322,6.9,0,0
2022-11-09,STORE_002,6657.34,373,202,19.7,0,0
2022-11-10,STORE_004,6850.99,64,237,16.7,0,0
2022-11-11,STORE_001,6909.83,266,53,40.2,0,0
2022-11-12,STORE_003,6002.33,488,128,-1.6,0,0
2022-11-13,STORE_003,5558.04,84,168,15.4,0,0
2022-11-14,STORE_005,,232,343,20.2,0,1
2022-11-15,STORE_002,6046.44,319,203,11.9,0,0
2022-11-16,STORE_003,7162.93,482,58,-1.0,0,1
2022-11-17,STORE_002,,407,172,30.1,0,0
2022-11-18,STORE_003,6726.99,149,345,19.0,0,0
2022-11-19,STORE_005,6431.29,56,71,-0.2,0,1
2022-11-20,STORE_004,5713.12,79,328,20.3,0,0
2022-11-21,STORE_005,5897.88,354,237,35.4,0,0
2022-11-22,STORE_001,6705.04,193,221,14.6,0,0
2022-11-23,STORE_003,6920.98,160,189,15.0,0,0
2022-11-24,STORE_001,6955.18,281,93,33.8,0,0
2022-11-25,STORE_001,6482.92,228,272,3.4,0,0
2022-11-26,STORE_002,5534.77,121,287,35.7,0,0
2022-11-27,STORE_003,6331.49,259,181,26.7,1,0
2022-11-28,STORE_001,5561.17,269,244,3.9,0,0
2022-11-29,STORE_004,6474.51,129,195,7.0,0,0
2022-11-30,STORE_001,7106.82,132,60,8.7,0,1
2022-12-01,STORE_004,7460.31,91,261,-7.0,0,0
2022-12-02,STORE_002,7203.95,322,311,18.1,0,0
2022-12-03,STORE_001,6547.36,240,58,4.5,0,1
2022-12-04,STORE_005,5705.86,222,224,18.6,0,0
2022-12-05,STORE_002,6009.74,56,285,-0.5,0,0
2022-12-06,STORE_004,6794.93,204,310,26.1,0,0
2022-12-07,STORE_002,7286.02,59,333,23.9,0,0
2022-12-08,STORE_001,8022.49,83,323,6.5,0,0
2022-12-09,STORE_003,7280.12,85,116,19.3,0,0
2022-12-10,STORE_003,6684.61,458,178,16.0,0,1
2022-12-11,STORE_004,6255.88,55,278,32.8,0,0
2022-12-12,STORE_004,6589.39,457,312,2.6,0,0
2022-12-13,STORE_003,6943.13,451,227,13.2,0,0
2022-12-14,STORE_004,7151.39,264,73,7.3,0,0
2022-12-15,STORE_002,7841.11,183,57,15.5,1,1
2022-12-16,STORE_005,7119.38,334,46,21.4,0,0
2022-12-17,STORE_005,6488.52,175,156,7.2,0,0
2022-12-18,STORE_002,6416.83,458,197,10.6,0,0
2022-12-19,STORE_005,6793.64,488,273,26.6,0,0
2022-12-20,STORE_001,7080.85,386,105,31.3,0,0
2022-12-21,STORE_002,7819.53,223,260,20.9,0,0
2022-12-22,STORE_004,8419.05,201,233,13.3,0,0
2022-12-23,STORE_002,7574.88,380,277,12.2,0,0
2022-12-24,STORE_003,7616.11,75,331,21.6,0,0
2022-12-25,STORE_004,6599.66,432,243,17.7,0,0
2022-12-26,STORE_003,6083.54,164,244,-4.8,0,0
2022-12-27,STORE_004,7490.57,431,187,21.9,0,0
2022-12-28,STORE_005,8031.75,333,98,4.7,0,0
2022-12-29,STORE_002,8486.2,436,114,-2.0,0,0
2022-12-30,STORE_001,7895.82,124,296,-5.0,0,0
2022-12-31,STORE_004,6985.55,215,98,12.4,0,0
2023-01-01,STORE_004,6254.41,238,128,2.8,0,0
2023-01-02,STORE_003,6740.92,127,245,-12.9,0,0
2023-01-03,STORE_005,7201.37,484,190,10.7,0,0
2023-01-04,STORE_003,7935.26,139,123,9.1,0,0
2023-01-05,STORE_003,8467.87,225,203,13.2,0,0
2023-01-06,STORE_005,8386.8,70,194,7.5,0,0
2023-01-07,STORE_001,7337.35,103,144,37.0,0,0
2023-01-08,STORE_003,6454.63,233,249,21.2,0,0
2023-01-09,STORE_003,7128.49,408,60,9.0,1,0
2023-01-10,STORE_004,8006.73,271,40,14.2,0,1
2023-01-11,STORE_005,8117.38,364,159,32.0,0,0
2023-01-12,STORE_002,8441.61,377,134,26.5,0,0
2023-01-13,STORE_001,8080.33,228,56,-1.8,0,0
2023-01-14,STORE_001,7173.1,325,256,3.3,0,0
2023-01-15,STORE_005,7196.97,161,31,5.6,0,0
2023-01-16,STORE_004,7147.33,273,130,9.7,0,0
2023-01-17,STORE_004,7961.47,263,50,7.9,0,0
2023-01-18,STORE_005,8221.24,108,87,15.4,0,0
2023-01-19,STORE_004,,376,209,23.8,0,1
2023-01-20,STORE_001,8478.28,442,49,25.8,0,0
2023-01-21,STORE_001,7481.52,158,284,11.1,0,0
2023-01-22,STORE_002,7704.48,434,346,-4.6,0,1
2023-01-23,STORE_005,,206,67,2.5,0,1
2023-01-24,STORE_003,8084.98,240,177,8.8,0,1
2023-01-25,STORE_003,8948.18,249,54,0.1,0,0
2023-01-26,STORE_002,,361,150,28.7,0,1
2023-01-27,STORE_002,7912.0,245,55,0.8,0,0
2023-01-28,STORE_004,7313.14,84,198,22.4,0,0
2023-01-29,STORE_002,7741.39,428,254,-5.2,0,0
2023-01-30,STORE_002,7375.94,436,30,22.9,0,0
2023-01-31,STORE_003,8958.62,295,336,13.3,0,0
2023-02-01,STORE_004,8671.33,286,290,33.2,0,1
2023-02-02,STORE_002,9074.2,153,42,1.4,0,0
2023-02-03,STORE_002,9072.15,56,77,8.2,0,0
2023-02-04,STORE_004,8540.41,332,342,10.6,0,0
2023-02-05,STORE_005,8147.23,50,320,13.2,0,0
2023-02-06,STORE_004,8068.55,268,123,10.8,1,0
2023-02-07,STORE_003,8661.25,279,290,11.1,0,0
2023-02-08,STORE_005,9179.52,221,307,10.9,0,0
2023-02-09,STORE_001,9411.73,136,234,-9.9,0,0
2023-02-10,STORE_004,8601.75,90,214,26.9,0,0
2023-02-11,STORE_003,7848.87,172,204,45.0,0,0
2023-02-12,STORE_005,7681.63,380,338,18.6,0,0
2023-02-13,STORE_004,7806.91,347,98,1.4,0,0
2023-02-14,STORE_002,8368.02,422,133,2.6,0,0
2023-02-15,STORE_004,9358.62,466,275,22.4,0,0
2023-02-16,STORE_001,9610.71,227,190,19.6,0,0
2023-02-17,STORE_004,8937.43,112,229,11.6,0,0
2023-02-18,STORE_005,8679.25,214,245,24.0,0,0
2023-02-19,STORE_005,7479.62,236,241,-9.8,0,0
2023-02-20,STORE_004,7937.16,432,45,24.0,0,0
2023-02-21,STORE_005,8423.98,258,234,17.9,0,0
2023-02-22,STORE_002,8722.5,276,68,3.0,0,1
2023-02-23,STORE_004,9429.75,481,118,-2.2,0,0
2023-02-24,STORE_002,9002.46,438,285,16.5,0,0
2023-02-25,STORE_002,8815.72,97,283,31.9,0,0
2023-02-26,STORE_003,8134.65,273,245,12.3,0,0
2023-02-27,STORE_004,7808.82,52,332,4.8,0,0
2023-02-28,STORE_005,9313.59,421,201,17.3,0,1
2023-03-01,STORE_002,9764.58,224,166,36.9,0,0
2023-03-02,STORE_003,9742.45,495,207,20.2,0,0
2023-03-03,STORE_004,9081.73,148,106,21.5,0,0
2023-03-04,STORE_004,,165,217,29.7,0,0
2023-03-05,STORE_001,,319,44,20.7,0,0
2023-03-06,STORE_001,8545.47,496,321,5.6,1,0
2023-03-07,STORE_002,9422.81,417,348,-5.9,0,1
2023-03-08,STORE_001,9958.6,302,243,3.9,0,0
2023-03-09,STORE_002,9515.78,366,237,1.7,0,1
2023-03-10,STORE_005,8905.63,464,198,22.9,0,1
2023-03-11,STORE_002,8601.08,144,309,24.6,0,0
2023-03-12,STORE_001,7606.55,322,334,17.1,0,0
2023-03-13,STORE_005,8399.2,429,175,-0.2,0,0
2023-03-14,STORE_001,8893.7,73,292,36.4,0,0
2023-03-15,STORE_002,9433.48,165,33,10.0,0,0
2023-03-16,STORE_003,9258.79,200,119,22.2,0,0
2023-03-17,STORE_004,9467.45,387,89,15.6,0,0
2023-03-18,STORE_001,8467.92,99,340,17.5,0,0
2023-03-19,STORE_002,7852.07,255,45,21.8,0,0
2023-03-20,STORE_005,7503.56,384,256,6.6,0,0
2023-03-21,STORE_001,8989.73,128,58,30.7,0,0
2023-03-22,STORE_001,10161.98,119,180,-4.0,0,0
2023-03-23,STORE_004,10289.57,76,274,2.5,0,0
2023-03-24,STORE_002,9227.21,320,299,30.5,0,0
2023-03-25,STORE_003,8495.0,99,108,22.1,0,0
2023-03-26,STORE_005,8388.56,341,318,45.0,0,0
2023-03-27,STORE_002,8107.55,296,182,15.8,0,1
2023-03-28,STORE_005,9127.29,313,306,35.4,0,0
2023-03-29,STORE_001,9895.82,128,308,-7.3,0,0
2023-03-30,STORE_004,,436,86,-2.0,0,0
2023-03-31,STORE_004,9363.82,239,215,25.7,0,0
2023-04-01,STORE_003,8641.0,96,122,-5.9,0,0
2023-04-02,STORE_004,8007.87,410,305,12.6,0,0
2023-04-03,STORE_001,8179.24,403,187,29.0,0,0
2023-04-04,STORE_003,8985.94,401,304,21.0,0,0
2023-04-05,STORE_002,9790.24,238,210,15.1,0,0
2023-04-06,STORE_004,10108.81,465,106,9.6,0,0
2023-04-07,STORE_003,9160.73,305,180,17.4,0,0
2023-04-08,STORE_001,9154.62,271,267,21.9,0,1
2023-04-09,STORE_005,8191.55,421,318,7.1,0,0
2023-04-10,STORE_005,8419.41,290,260,19.5,0,0
2023-04-11,STORE_001,,318,47,27.9,0,1
2023-04-12,STORE_001,8945.08,50,102,12.3,0,0
2023-04-13,STORE_005,10089.19,83,218,15.8,0,1
2023-04-14,STORE_003,9608.9,495,46,20.8,0,0
2023-04-15,STORE_005,8605.51,128,48,21.6,0,0
2023-04-16,STORE_001,8273.01,285,248,25.5,0,0
2023-04-17,STORE_004,8557.58,383,149,2.8,0,1
2023-04-18,STORE_002,8554.48,426,130,8.7,0,0
2023-04-19,STORE_004,9484.55,398,63,9.1,0,0
2023-04-20,STORE_004,10030.14,147,113,4.2,0,0
2023-04-21,STORE_001,8976.44,131,225,-6.6,0,0
2023-04-22,STORE_005,8739.86,464,231,-15.0,0,0
2023-04-23,STORE_003,7804.85,241,40,29.3,0,0
2023-04-24,STORE_004,8498.68,302,247,-3.6,0,1
2023-04-25,STORE_005,8965.55,458,282,33.8,0,0
2023-04-26,STORE_003,9108.79,87,251,23.9,0,0
2023-04-27,STORE_004,10088.45,63,109,10.1,0,0
2023-04-28,STORE_003,9076.62,441,36,22.4,0,1
2023-04-29,STORE_005,8350.12,396,301,20.1,0,1
2023-04-30,STORE_002,8210.54,359,256,1.8,0,0
2023-05-01,STORE_005,8639.05,435,45,14.8,0,0
2023-05-02,STORE_001,8604.41,258,41,3.2,0,0
2023-05-03,STORE_003,9541.96,406,320,22.8,0,0
2023-05-04,STORE_002,9795.03,138,270,6.4,0,0
2023-05-05,STORE_003,9429.56,105,50,13.8,0,0
2023-05-06,STORE_003,8568.05,143,207,13.3,0,0
2023-05-07,STORE_004,7959.5,142,257,16.5,0,0
2023-05-08,STORE_001,7962.77,389,302,35.0,0,0
2023-05-09,STORE_003,8848.95,134,317,12.1,0,0
2023-05-10,STORE_005,9113.17,494,326,29.6,0,0
2023-05-11,STORE_005,8698.77,294,163,20.8,0,0
2023-05-12,STORE_004,9258.85,71,312,32.0,0,1
2023-05-13,STORE_001,8690.04,340,182,10.9,0,0
2023-05-14,STORE_001,7262.0,321,95,23.4,0,0
2023-05-15,STORE_005,7806.95,355,166,14.3,0,0
2023-05-16,STORE_002,8905.27,171,121,-15.0,0,0
2023-05-17,STORE_004,9946.11,177,346,1.9,0,0
2023-05-18,STORE_004,9473.12,162,288,22.0,0,0
2023-05-19,STORE_005,8798.88,476,132,21.2,0,0
2023-05-20,STORE_005,,322,84,-0.5,0,0
2023-05-21,STORE_002,8268.24,385,286,17.6,0,0
2023-05-22,STORE_002,7798.79,491,130,21.0,0,0
2023-05-23,STORE_001,8360.32,179,227,14.6,0,0
2023-05-24,STORE_004,9062.46,181,330,23.7,0,0
2023-05-25,STORE_004,9057.23,134,255,22.1,0,0
2023-05-26,STORE_005,8928.39,472,266,14.6,0,0
2023-05-27,STORE_001,8665.7,399,55,8.9,0,0
2023-05-28,STORE_004,7823.05,439,150,27.5,0,0
2023-05-29,STORE_001,7785.31,130,211,20.6,0,0
2023-05-30,STORE_001,8379.1,374,228,-1.6,0,0
2023-05-31,STORE_005,8603.07,118,331,17.7,0,0
2023-06-01,STORE_001,9471.12,197,284,1.2,0,0
2023-06-02,STORE_002,8729.45,497,151,3.4,0,0
2023-06-03,STORE_002,7983.67,65,60,7.2,0,0
2023-06-04,STORE_003,8541.92,356,344,15.5,0,0
2023-06-05,STORE_005,7806.9,154,314,19.5,0,1
2023-06-06,STORE_003,8095.8,214,135,10.1,0,0
2023-06-07,STORE_002,8797.3,250,253,10.6,0,0
2023-06-08,STORE_003,9402.43,246,302,9.0,0,0
2023-06-09,STORE_005,8637.07,475,261,27.6,0,0
2023-06-10,STORE_005,,234,285,-15.0,0,0
2023-06-11,STORE_001,7707.35,371,53,11.3,0,0
2023-06-12,STORE_004,7363.14,314,138,33.5,0,0
2023-06-13,STORE_001,8728.41,412,220,21.2,0,0
2023-06-14,STORE_005,9093.12,149,54,30.2,0,0
2023-06-15,STORE_002,8766.48,391,216,-9.4,0,0
2023-06-16,STORE_002,8829.09,369,317,0.1,0,0
2023-06-17,STORE_001,7747.76,263,145,21.2,0,0
2023-06-18,STORE_005,7527.11,327,66,33.6,0,1
2023-06-19,STORE_002,7547.77,211,311,1.3,0,0
2023-06-20,STORE_005,7750.4,488,166,10.3,0,0
2023-06-21,STORE_002,8413.11,206,256,19.8,0,0
2023-06-22,STORE_005,9045.95,471,349,-2.4,0,1
2023-06-23,STORE_003,8179.93,300,211,21.3,0,0
2023-06-24,STORE_005,7441.21,415,115,-15.0,0,0
2023-06-25,STORE_005,6819.02,146,82,20.9,0,1
2023-06-26,STORE_001,7363.15,67,264,3.1,0,0
2023-06-27,STORE_003,8456.28,376,296,9.6,0,0
2023-06-28,STORE_004,8118.67,498,316,22.8,0,0
2023-06-29,STORE_001,8576.58,432,129,20.4,0,0
2023-06-30,STORE_004,8536.02,146,116,14.9,0,0
2023-07-01,STORE_002,7370.1,50,44,26.6,0,1
2023-07-02,STORE_004,7072.72,265,130,-5.4,1,0
2023-07-03,STORE_005,6748.61,181,194,17.5,0,0
2023-07-04,STORE_004,7797.13,309,58,5.5,0,0
2023-07-05,STORE_001,8213.81,174,143,26.0,0,0
2023-07-06,STORE_001,8696.02,131,136,23.2,0,0
2023-07-07,STORE_004,8299.58,332,159,23.7,0,0
2023-07-08,STORE_001,8001.95,220,113,34.7,0,0
2023-07-09,STORE_001,6942.11,108,300,28.5,0,0
2023-07-10,STORE_004,6996.45,81,273,13.1,0,0
2023-07-11,STORE_003,7558.57,210,243,15.0,0,0
2023-07-12,STORE_003,7995.91,333,335,22.2,0,0
2023-07-13,STORE_002,8334.1,155,195,16.6,0,0
2023-07-14,STORE_001,7687.39,154,308,23.5,0,0
2023-07-15,STORE_004,7108.71,488,88,-11.8,0,0
2023-07-16,STORE_001,6997.09,277,119,37.6,0,0
2023-07-17,STORE_005,6430.89,237,223,15.7,0,0
2023-07-18,STORE_001,7676.97,119,152,-4.5,0,0
2023-07-19,STORE_001,8332.4,367,165,4.0,0,0
2023-07-20,STORE_003,8033.24,339,168,-10.6,0,0
2023-07-21,STORE_004,6976.32,136,258,1.9,0,0
2023-07-22,STORE_001,6713.5,419,303,13.3,0,0
2023-07-23,STORE_003,6829.45,411,79,33.2,0,0
2023-07-24,STORE_002,6565.45,105,147,19.9,0,0
2023-07-25,STORE_003,6875.63,162,231,17.8,0,0
2023-07-26,STORE_003,7627.27,62,220,1.4,0,0
2023-07-27,STORE_003,8163.35,489,210,5.1,0,0
2023-07-28,STORE_001,7620.52,67,107,6.0,0,0
2023-07-29,STORE_001,6668.96,231,104,6.5,0,0
2023-07-30,STORE_002,6176.31,162,324,10.8,0,1
2023-07-31,STORE_005,6302.05,278,310,11.7,0,0
2023-08-01,STORE_005,6747.28,220,50,10.9,0,0
2023-08-02,STORE_005,8113.26,344,200,6.9,0,0
2023-08-03,STORE_002,7665.82,238,44,16.6,0,0
2023-08-04,STORE_005,7674.45,475,240,11.2,0,0
2023-08-05,STORE_005,7051.34,128,77,-4.1,0,0
2023-08-06,STORE_003,6441.7,195,115,15.4,0,0
2023-08-07,STORE_001,6147.55,456,178,13.6,0,0
2023-08-08,STORE_001,7004.22,231,217,-4.0,0,0
2023-08-09,STORE_003,7482.17,335,335,7.9,0,0
2023-08-10,STORE_003,7353.92,299,180,22.2,0,0
2023-08-11,STORE_003,7270.9,403,170,1.4,0,1
2023-08-12,STORE_001,6107.34,363,98,0.1,0,0
2023-08-13,STORE_005,6366.48,245,289,11.1,0,0
2023-08-14,STORE_003,6007.52,372,38,22.5,0,0
2023-08-15,STORE_002,6815.27,120,150,36.7,0,0
2023-08-16,STORE_003,7448.22,297,130,22.9,0,0
2023-08-17,STORE_004,7423.19,195,178,28.0,0,0
2023-08-18,STORE_003,7227.5,155,175,19.2,0,0
2023-08-19,STORE_001,6198.6,312,272,6.8,0,0
2023-08-20,STORE_003,6153.73,345,270,22.8,0,1
2023-08-21,STORE_004,5627.46,119,72,14.0,0,0
2023-08-22,STORE_002,6679.4,242,124,19.5,0,1
2023-08-23,STORE_005,7833.74,117,255,3.6,0,0
2023-08-24,STORE_003,,354,35,20.6,0,1
2023-08-25,STORE_004,6741.63,101,243,13.6,0,0
2023-08-26,STORE_004,6391.06,419,235,17.8,1,0
2023-08-27,STORE_002,5844.43,412,96,14.0,0,0
2023-08-28,STORE_001,6037.1,334,129,11.7,0,0
2023-08-29,STORE_003,6691.37,454,41,20.8,0,0
2023-08-30,STORE_004,7348.1,383,266,10.1,0,0
2023-08-31,STORE_002,7633.05,58,287,-4.1,0,0
2023-09-01,STORE_005,6978.61,300,164,-7.5,0,0
2023-09-02,STORE_004,6077.81,480,251,17.2,0,0
2023-09-03,STORE_002,5908.26,381,185,9.6,0,0
2023-09-04,STORE_001,6420.45,347,171,-5.7,0,0
2023-09-05,STORE_001,6426.07,484,187,16.3,0,0
2023-09-06,STORE_004,6789.27,233,291,13.9,0,0
2023-09-07,STORE_004,7558.94,228,312,9.0,0,1
2023-09-08,STORE_003,6748.98,247,258,18.0,0,0
2023-09-09,STORE_002,5430.6,177,309,30.8,0,0
2023-09-10,STORE_004,5895.72,69,319,30.4,0,0
2023-09-11,STORE_003,5627.72,460,197,16.7,0,0
2023-09-12,STORE_003,6379.38,471,76,14.0,0,0
2023-09-13,STORE_004,7124.77,377,232,16.9,0,0
2023-09-14,STORE_001,7230.4,114,243,18.7,0,0
2023-09-15,STORE_002,6947.27,231,275,11.8,0,0
2023-09-16,STORE_002,5904.02,290,53,17.1,0,0
2023-09-17,STORE_001,5750.64,418,303,-3.9,0,0
2023-09-18,STORE_004,5668.62,73,73,16.0,0,0
2023-09-19,STORE_002,6589.32,433,342,20.7,0,0
2023-09-20,STORE_004,7173.92,480,185,9.1,0,0
2023-09-21,STORE_004,6859.76,132,228,13.9,0,0
2023-09-22,STORE_003,7030.38,368,191,1.7,0,0
2023-09-23,STORE_001,5847.06,234,263,-0.0,0,0
2023-09-24,STORE_004,5815.34,488,192,17.5,0,0
2023-09-25,STORE_005,5835.94,365,145,6.2,0,0
2023-09-26,STORE_001,6901.46,148,122,-6.3,0,0
2023-09-27,STORE_002,6907.67,111,71,1.7,0,0
2023-09-28,STORE_003,7024.07,335,313,3.4,0,0
2023-09-29,STORE_002,6690.32,71,239,24.3,0,0
2023-09-30,STORE_002,5911.54,261,235,17.1,0,0
2023-10-01,STORE_001,5810.65,175,249,4.5,0,0
2023-10-02,STORE_002,5241.7,462,309,7.9,0,0
2023-10-03,STORE_004,6037.84,474,165,30.7,0,0
2023-10-04,STORE_002,6661.41,91,135,26.2,0,0
2023-10-05,STORE_003,7424.1,147,147,1.6,0,0
2023-10-06,STORE_003,7222.58,498,266,29.0,0,0
2023-10-07,STORE_005,5987.52,80,338,14.0,0,0
2023-10-08,STORE_003,5539.48,207,129,24.6,0,0
2023-10-09,STORE_002,5770.17,161,290,13.0,0,1
2023-10-10,STORE_003,6728.17,451,334,29.2,0,0
2023-10-11,STORE_001,6732.3,296,315,1.1,0,0
2023-10-12,STORE_003,7242.36,171,132,11.9,0,0
2023-10-13,STORE_004,7036.88,322,92,29.6,0,0
2023-10-14,STORE_001,6207.18,343,204,-13.7,0,0
2023-10-15,STORE_005,5688.07,447,311,14.4,0,0
2023-10-16,STORE_004,6093.59,256,322,10.3,0,0
2023-10-17,STORE_002,5615.82,159,255,23.2,0,0
2023-10-18,STORE_002,7264.08,489,36,27.8,0,0
2023-10-19,STORE_002,7027.87,327,156,23.8,0,0
2023-10-20,STORE_004,,105,121,17.9,0,0
2023-10-21,STORE_004,6269.47,424,219,15.5,0,0
2023-10-22,STORE_004,6105.54,452,82,10.9,0,0
2023-10-23,STORE_001,5817.26,106,271,17.5,0,0
2023-10-24,STORE_001,6780.82,477,161,32.5,0,0
2023-10-25,STORE_002,7615.52,340,141,5.0,0,0
2023-10-26,STORE_003,7692.6,163,36,10.2,0,0
2023-10-27,STORE_002,7369.51,430,259,14.1,0,0
2023-10-28,STORE_005,6418.57,434,185,27.0,0,1
2023-10-29,STORE_001,5798.76,357,226,17.7,0,0
2023-10-30,STORE_004,5463.44,390,252,26.8,0,0
2023-10-31,STORE_001,6509.49,247,279,27.4,0,0
2023-11-01,STORE_004,6970.01,470,112,22.1,0,0
2023-11-02,STORE_005,8043.34,370,269,2.2,0,0
2023-11-03,STORE_005,6921.43,228,292,34.9,0,0
2023-11-04,STORE_001,6332.3,434,218,31.9,0,0
2023-11-05,STORE_004,6043.67,268,319,15.8,1,0
2023-11-06,STORE_005,6061.88,326,87,-1.6,0,0
2023-11-07,STORE_002,7199.25,486,38,-3.7,0,0
2023-11-08,STORE_002,7146.23,65,333,18.1,0,0
2023-11-09,STORE_004,7563.06,428,144,6.6,0,0
2023-11-10,STORE_001,6866.63,110,239,-5.6,0,0
2023-11-11,STORE_005,6017.04,103,70,-4.0,0,0
2023-11-12,STORE_001,5814.9,217,333,9.4,0,0
2023-11-13,STORE_002,6160.36,75,202,17.3,0,0
2023-11-14,STORE_005,6687.03,385,263,31.9,0,0
2023-11-15,STORE_001,,114,310,20.8,0,0
2023-11-16,STORE_003,7212.64,149,107,10.4,0,0
2023-11-17,STORE_004,7196.62,123,137,19.6,0,1
2023-11-18,STORE_004,6096.1,241,310,18.5,0,1
2023-11-19,STORE_003,,220,68,23.9,0,0
2023-11-20,STORE_002,6335.14,322,148,14.5,0,0
2023-11-21,STORE_005,6519.69,426,56,27.4,0,0
2023-11-22,STORE_004,7511.02,236,133,24.9,0,0
2023-11-23,STORE_003,7554.26,72,103,16.0,0,0
2023-11-24,STORE_003,7464.74,440,220,13.6,0,0
2023-11-25,STORE_002,7099.11,477,176,26.0,0,0
2023-11-26,STORE_002,5724.04,230,284,6.4,0,0
2023-11-27,STORE_001,6498.3,376,313,-3.1,0,0
2023-11-28,STORE_004,7064.19,157,242,-3.1,0,0
2023-11-29,STORE_001,7962.32,384,152,5.4,0,0
2023-11-30,STORE_003,8002.81,211,235,22.9,0,0
2023-12-01,STORE_005,7304.12,351,269,9.9,0,0
2023-12-02,STORE_005,6763.7,255,315,17.5,0,0
2023-12-03,STORE_002,6211.91,127,51,9.1,0,0
2023-12-04,STORE_005,6952.36,65,288,9.2,0,0
2023-12-05,STORE_005,7285.98,376,134,2.7,0,0
2023-12-06,STORE_005,8500.17,145,287,13.9,0,1
2023-12-07,STORE_003,8091.05,196,233,12.9,0,0
2023-12-08,STORE_005,7489.03,51,339,20.0,0,0
2023-12-09,STORE_005,6578.55,59,291,18.5,0,0
2023-12-10,STORE_005,6084.38,483,136,12.6,0,1
2023-12-11,STORE_001,6330.22,174,280,-3.1,0,0
2023-12-12,STORE_003,7536.89,130,250,27.8,0,0
2023-12-13,STORE_002,8260.8,189,251,14.0,0,0
2023-12-14,STORE_001,7814.42,375,287,16.0,0,1
2023-12-15,STORE_004,8150.71,199,230,34.2,0,0
2023-12-16,STORE_003,7069.45,337,287,25.9,0,0
2023-12-17,STORE_003,6852.07,410,254,20.4,0,0
2023-12-18,STORE_004,7472.8,389,231,15.0,0,1
2023-12-19,STORE_004,7910.38,178,255,14.9,0,0
2023-12-20,STORE_004,8213.06,487,265,17.9,0,0
2023-12-21,STORE_002,8207.66,288,212,19.9,0,0
2023-12-22,STORE_005,7423.65,107,229,35.5,0,0
2023-12-23,STORE_003,7186.32,247,275,44.7,0,0
2023-12-24,STORE_005,6933.05,260,140,18.5,0,1
2023-12-25,STORE_005,6881.93,451,35,-10.8,0,0
2023-12-26,STORE_004,7791.44,439,265,3.6,0,0
2023-12-27,STORE_002,8506.66,94,156,36.7,0,0
2023-12-28,STORE_001,8597.99,146,133,23.6,0,0
2023-12-29,STORE_002,8065.0,328,266,20.1,0,0
2023-12-30,STORE_005,7643.8,72,184,13.0,0,0
2023-12-31,STORE_002,7320.39,459,286,0.7,0,0
